Date,Confirmed,Deaths,Recovered/Active,New cases,New deaths,New recovered,Deaths / 100 Cases,Recovered / 100 Cases,Deaths / 100 Recovered,No. of countries
2020-01-22,557,17,540,0,0,0,3.05,96.95,3.15,6
2020-01-23,657,18,639,100,1,99,2.74,97.26,2.82,9
2020-01-24,944,26,918,287,8,279,2.75,97.25,2.83,10
2020-01-25,1437,42,1395,493,16,477,2.92,97.08,3.01,12
2020-01-26,2120,56,2064,683,14,669,2.64,97.36,2.71,13
2020-01-27,2929,82,2847,809,26,783,2.8,97.2,2.88,16
2020-01-28,5580,131,5449,2651,49,2602,2.35,97.65,2.4,16
2020-01-29,6169,133,6036,589,2,587,2.16,97.84,2.2,18
2020-01-30,8237,172,8065,2068,39,2029,2.09,97.91,2.13,20
2020-01-31,9927,214,9713,1690,42,1648,2.16,97.84,2.2,23
2020-02-01,12038,260,11778,2111,46,2065,2.16,97.84,2.21,25
2020-02-02,16787,364,16423,4749,104,4645,2.17,97.83,2.22,25
2020-02-03,19887,428,19459,3100,64,3036,2.15,97.85,2.2,25
2020-02-04,23899,494,23405,4012,66,3946,2.07,97.93,2.11,26
2020-02-05,27644,566,27078,3745,72,3673,2.05,97.95,2.09,26
2020-02-06,30806,636,30170,3162,70,3092,2.06,97.94,2.11,26
2020-02-07,34339,721,33618,3533,85,3448,2.1,97.9,2.14,26
2020-02-08,37070,808,36262,2731,87,2644,2.18,97.82,2.23,26
2020-02-09,40098,908,39190,3028,100,2928,2.26,97.74,2.32,26
2020-02-10,42636,1015,41621,2538,107,2431,2.38,97.62,2.44,26
2020-02-11,44679,1115,43564,2043,100,1943,2.5,97.5,2.56,26
2020-02-12,45057,1120,43937,378,5,373,2.49,97.51,2.55,26
2020-02-13,60209,1373,58836,15152,253,14899,2.28,97.72,2.33,26
2020-02-14,66694,1525,65169,6485,152,6333,2.29,97.71,2.34,27
2020-02-15,68770,1668,67102,2076,143,1933,2.43,97.57,2.49,27
2020-02-16,70883,1772,69111,2113,104,2009,2.5,97.5,2.56,27
2020-02-17,72819,1870,70949,1936,98,1838,2.57,97.43,2.64,27
2020-02-18,74613,2010,72603,1794,140,1654,2.69,97.31,2.77,27
2020-02-19,75034,2125,72909,421,115,306,2.83,97.17,2.91,28
2020-02-20,75582,2248,73334,548,123,425,2.97,97.03,3.07,28
2020-02-21,76212,2252,73960,630,4,626,2.95,97.05,3.04,30
2020-02-22,77974,2460,75514,1762,208,1554,3.15,96.85,3.26,30
2020-02-23,78299,2470,75829,325,10,315,3.15,96.85,3.26,31
2020-02-24,78867,2630,76237,568,160,408,3.33,96.67,3.45,36
2020-02-25,79721,2710,77011,854,80,774,3.4,96.6,3.52,41
2020-02-26,80679,2770,77909,959,60,898,3.43,96.57,3.56,47
2020-02-27,82023,2813,79210,1344,43,1301,3.43,96.57,3.55,50
2020-02-28,83447,2870,80577,1424,57,1367,3.44,96.56,3.56,55
2020-02-29,85318,2940,82378,1871,70,1801,3.45,96.55,3.57,60
2020-03-01,87697,2994,84703,2379,54,2325,3.41,96.59,3.53,65
2020-03-02,89677,3084,86593,1980,90,1890,3.44,96.56,3.56,72
2020-03-03,92288,3158,89130,2611,74,2537,3.42,96.58,3.54,75
2020-03-04,94632,3254,91378,2344,96,2248,3.44,96.56,3.56,79
2020-03-05,97372,3349,94023,2740,95,2645,3.44,96.56,3.56,83
2020-03-06,101356,3463,97893,3984,114,3870,3.42,96.58,3.54,92
2020-03-07,105493,3567,101926,4137,104,4033,3.38,96.62,3.5,93
2020-03-08,109291,3809,105482,3798,242,3556,3.49,96.51,3.61,98
2020-03-09,113586,4003,109583,4295,194,4101,3.52,96.48,3.65,100
2020-03-10,118345,4278,114067,4759,275,4484,3.61,96.39,3.75,104
2020-03-11,125821,4629,121192,7504,351,7125,3.68,96.32,3.82,110
2020-03-12,132577,4950,127627,6756,321,6435,3.73,96.27,3.88,112
2020-03-13,145769,5453,140316,13192,503,12689,3.74,96.26,3.89,118
2020-03-14,156657,5879,150778,10888,426,10462,3.75,96.25,3.9,132
2020-03-15,167890,6550,161340,11233,671,10562,3.9,96.1,4.06,137
2020-03-16,182457,7261,175196,14567,711,13856,3.98,96.02,4.14,142
2020-03-17,197625,8112,189513,15168,851,14317,4.1,95.9,4.28,146
2020-03-18,215179,9068,206111,17554,956,16598,4.21,95.79,4.4,150
2020-03-19,242266,10210,232056,27087,1142,25945,4.21,95.79,4.4,155
2020-03-20,271795,11784,260011,29531,1574,27955,4.34,95.66,4.53,162
2020-03-21,304222,13591,290631,32433,1807,30620,4.47,95.53,4.68,164
2020-03-22,338431,15418,323013,34209,1827,32382,4.56,95.44,4.77,169
2020-03-23,380986,17514,363472,42555,2096,40459,4.6,95.4,4.82,170
2020-03-24,422869,19938,402931,41898,2424,39459,4.71,95.29,4.95,172
2020-03-25,474350,22909,451441,51481,2971,48510,4.83,95.17,5.07,175
2020-03-26,535164,26162,509002,60814,3253,57561,4.89,95.11,5.14,175
2020-03-27,599095,29801,569294,63931,3639,60292,4.97,95.03,5.23,176
2020-03-28,668675,33850,634825,69580,4049,65531,5.06,94.94,5.33,176
2020-03-29,725191,37669,687522,56516,3819,52697,5.19,94.81,5.48,176
2020-03-30,790202,42039,748163,65011,4370,60641,5.32,94.68,5.62,177
2020-03-31,868644,47207,821437,78442,5168,73274,5.43,94.57,5.75,179
2020-04-01,954994,53848,901146,86350,6641,79709,5.64,94.36,5.98,179
2020-04-02,1037442,60101,977341,82448,6253,76195,5.79,94.21,6.15,180
2020-04-03,1121652,66602,1055050,84210,6501,77709,5.94,94.06,6.31,180
2020-04-04,1181773,72961,1108812,77197,6359,53762,6.17,93.83,6.58,180
2020-04-05,1253488,78882,1174606,71715,5921,65794,6.29,93.71,6.72,181
2020-04-06,1328214,85310,1242904,74726,6428,68298,6.42,93.58,6.86,182
2020-04-07,1397152,93827,1303325,72427,8517,60421,6.72,93.28,7.2,182
2020-04-08,1479328,101047,1378281,82176,7220,74956,6.83,93.17,7.33,182
2020-04-09,1566509,109202,1457307,87181,8155,79026,6.97,93.03,7.49,182
2020-04-10,1652931,116943,1535988,86422,7741,78681,7.07,92.93,7.61,183
2020-04-11,1728446,123925,1604521,75515,6982,68533,7.17,92.83,7.72,183
2020-04-12,1847027,130439,1716588,118602,6514,112067,7.06,92.94,7.6,183
2020-04-13,1918859,136952,1781907,71832,6513,65319,7.14,92.86,7.69,183
2020-04-14,2003492,144308,1859184,84633,7356,77277,7.2,92.8,7.76,183
2020-04-15,2081748,153073,1928675,78256,8765,69491,7.35,92.65,7.94,183
2020-04-16,2176216,160785,2015431,94468,7712,86756,7.39,92.61,7.98,183
2020-04-17,2264097,169672,2094425,87881,8887,78994,7.49,92.51,8.1,183
2020-04-18,2342349,176102,2166247,78253,6430,71822,7.52,92.48,8.13,183
2020-04-19,2418671,182203,2236468,76322,6101,70221,7.53,92.47,8.15,183
2020-04-20,2495153,188714,2306439,76482,6511,69971,7.56,92.44,8.18,183
2020-04-21,2571240,195910,2375330,76087,7196,68891,7.62,92.38,8.25,183
2020-04-22,2653278,203188,2450090,82038,7278,74760,7.66,92.34,8.29,183
2020-04-23,2735995,210458,2525537,84426,7270,75447,7.69,92.31,8.33,183
2020-04-24,2819558,217297,2602261,93597,6839,76724,7.71,92.29,8.35,183
2020-04-25,2902763,223347,2679416,83205,6050,77155,7.69,92.31,8.34,183
2020-04-26,2973558,228163,2745395,70796,4816,65979,7.67,92.33,8.31,183
2020-04-27,3044542,233608,2810934,70984,5445,65539,7.67,92.33,8.31,183
2020-04-28,3120374,240237,2880137,75832,6629,69203,7.7,92.3,8.34,183
2020-04-29,3197703,247217,2950486,78784,6980,70349,7.73,92.27,8.38,183
2020-04-30,3281355,253470,3027885,83652,6253,77399,7.72,92.28,8.37,184
2020-05-01,3370300,259057,3111243,88945,5587,83358,7.69,92.31,8.33,185
2020-05-02,3448562,265103,3183459,78429,6046,72216,7.69,92.31,8.33,185
2020-05-03,3522559,269378,3253181,74013,4275,69722,7.65,92.35,8.28,185
2020-05-04,3600196,274223,3325973,77642,4845,72792,7.62,92.38,8.24,185
2020-05-05,3679881,280370,3399511,79685,6147,73538,7.62,92.38,8.25,185
2020-05-06,3770303,287130,3483173,90422,6760,83662,7.62,92.38,8.24,185
2020-05-07,3859441,292996,3566445,90721,5866,83272,7.59,92.41,8.22,185
2020-05-08,3949924,298951,3650973,91963,5955,84528,7.57,92.43,8.19,185
2020-05-09,4034267,303869,3730398,84343,4918,79425,7.53,92.47,8.15,185
2020-05-10,4109490,308207,3801283,75223,4338,70885,7.5,92.5,8.11,185
2020-05-11,4185631,312285,3873346,76198,4078,72063,7.46,92.54,8.06,185
2020-05-12,4270911,318015,3952896,85300,5730,79550,7.45,92.55,8.05,185
2020-05-13,4355259,323452,4031807,84348,5437,78911,7.43,92.57,8.02,186
2020-05-14,4450901,329201,4121700,95643,5749,89893,7.4,92.6,7.99,186
2020-05-15,4546803,334954,4211849,95902,5753,90149,7.37,92.63,7.95,186
2020-05-16,4640693,339495,4301198,93890,4541,89349,7.32,92.68,7.89,186
2020-05-17,4719056,343375,4375681,78363,3880,74483,7.28,92.72,7.85,186
2020-05-18,4808188,347770,4460418,89132,4395,84737,7.23,92.77,7.8,186
2020-05-19,4904006,352738,4551268,96027,4968,90850,7.19,92.81,7.75,186
2020-05-20,5009429,358144,4651285,105423,5406,100017,7.15,92.85,7.7,186
2020-05-21,5115402,363179,4752223,106077,5035,100938,7.1,92.9,7.64,186
2020-05-22,5222744,368885,4853859,107342,5706,101636,7.06,92.94,7.6,186
2020-05-23,5326894,373339,4953555,104150,4454,99696,7.01,92.99,7.54,186
2020-05-24,5420110,376739,5043371,93655,3400,89816,6.95,93.05,7.47,186
2020-05-25,5508333,378433,5129900,88595,1694,86529,6.87,93.13,7.38,186
2020-05-26,5600695,383213,5217482,92362,4780,87582,6.84,93.16,7.34,186
2020-05-27,5703251,388433,5314818,102556,5220,97336,6.81,93.19,7.31,186
2020-05-28,5823244,393424,5429820,119993,4991,115002,6.76,93.24,7.25,186
2020-05-29,5944680,398580,5546100,121436,5156,116280,6.7,93.3,7.19,186
2020-05-30,6079723,402939,5676784,135043,4359,130684,6.63,93.37,7.1,186
2020-05-31,6182583,406226,5776357,102860,3287,99573,6.57,93.43,7.03,186
2020-06-01,6282847,409967,5872880,100264,3741,96523,6.53,93.47,6.98,186
2020-06-02,6405489,415238,5990251,123289,5271,117371,6.48,93.52,6.93,186
2020-06-03,6516705,420858,6095847,114442,5620,105596,6.46,93.54,6.9,186
2020-06-04,6654935,426386,6228549,138230,5528,132702,6.41,93.59,6.85,186
2020-06-05,6788341,431443,6356898,133406,5057,128349,6.36,93.64,6.79,186
2020-06-06,6917671,435583,6482088,129330,4140,125190,6.3,93.7,6.72,186
2020-06-07,7028683,438840,6589843,111012,3257,107755,6.24,93.76,6.66,186
2020-06-08,7131731,443295,6688436,103048,4455,98593,6.22,93.78,6.63,186
2020-06-09,7257713,448340,6809373,125982,5045,120937,6.18,93.82,6.58,186
2020-06-10,7394875,453767,6941108,137162,5427,131735,6.14,93.86,6.54,186
2020-06-11,7531061,458904,7072157,136186,5137,131049,6.09,93.91,6.49,186
2020-06-12,7658535,463647,7194888,127474,4743,122731,6.05,93.95,6.44,186
2020-06-13,7792443,468039,7324404,133908,4392,129516,6.01,93.99,6.39,186
2020-06-14,7924390,471821,7452569,131947,3782,128165,5.95,94.05,6.33,186
2020-06-15,8049302,475888,7573414,124912,4067,120845,5.91,94.09,6.28,186
2020-06-16,8193200,483006,7710194,143898,7118,136780,5.9,94.1,6.26,186
2020-06-17,8336402,488483,7847919,143202,5477,137725,5.86,94.14,6.22,186
2020-06-18,8479496,493837,7985659,143094,5354,137740,5.82,94.18,6.18,186
2020-06-19,8660492,500196,8160296,181144,6359,174637,5.78,94.22,6.13,186
2020-06-20,8846375,504678,8341697,185883,4482,181401,5.7,94.3,6.05,186
2020-06-21,8939437,509322,8430115,112858,4644,88418,5.7,94.3,6.04,186
2020-06-22,9081769,513189,8568580,142333,3867,138465,5.65,94.35,5.99,186
2020-06-23,9249892,518758,8731134,168126,5569,162554,5.61,94.39,5.94,186
2020-06-24,9421328,524256,8897072,171436,5498,165938,5.56,94.44,5.89,186
2020-06-25,9600843,529366,9071477,179515,5110,174405,5.51,94.49,5.84,186
2020-06-26,9793333,534449,9258884,192490,5083,187407,5.46,94.54,5.77,186
2020-06-27,9969745,539185,9430560,176412,4736,171676,5.41,94.59,5.72,186
2020-06-28,10138202,542806,9595396,168864,3621,164836,5.35,94.65,5.66,186
2020-06-29,10290884,546878,9744006,152682,4072,148610,5.31,94.69,5.61,186
2020-06-30,10474655,552128,9922527,183771,5250,178521,5.27,94.73,5.56,186
2020-07-01,10689783,557469,10132314,215128,5341,209787,5.21,94.79,5.5,186
2020-07-02,10894753,562983,10331770,204970,5514,199456,5.17,94.83,5.45,186
2020-07-03,11097391,568224,10529167,202639,5241,197397,5.12,94.88,5.4,186
2020-07-04,11287105,573017,10714088,189714,4793,184921,5.08,94.92,5.35,186
2020-07-05,11473325,576862,10896463,186220,3845,182375,5.03,94.97,5.29,186
2020-07-06,11641598,581130,11060468,168273,4268,164005,4.99,95.01,5.25,186
2020-07-07,11851167,587490,11263677,209569,6360,203209,4.96,95.04,5.22,186
2020-07-08,12066453,593119,11473334,215286,5629,209657,4.92,95.08,5.17,186
2020-07-09,12291049,598967,11692082,224596,5848,218748,4.87,95.13,5.12,186
2020-07-10,12523930,604710,11919220,232881,5743,227138,4.83,95.17,5.07,186
2020-07-11,12736750,609851,12126899,212820,5141,207679,4.79,95.21,5.03,186
2020-07-12,12929682,614153,12315529,192932,4302,188630,4.75,95.25,4.99,186
2020-07-13,13124160,618589,12505571,194478,4436,190042,4.71,95.29,4.95,186
2020-07-14,13345187,624575,12720612,221027,5986,215041,4.68,95.32,4.91,186
2020-07-15,13574973,630493,12944480,229786,5918,223868,4.64,95.36,4.87,186
2020-07-16,13819885,636654,13183231,244912,6161,238751,4.61,95.39,4.83,186
2020-07-17,14057305,643693,13413612,237420,7039,230381,4.58,95.42,4.8,186
2020-07-18,14292646,650224,13642422,235341,6531,228810,4.55,95.45,4.77,186
2020-07-19,14504537,655118,13849419,211891,4894,206997,4.52,95.48,4.73,186
2020-07-20,14712681,659084,14053597,208144,3966,204178,4.48,95.52,4.69,186
2020-07-21,14955702,665421,14290281,243131,6337,236684,4.45,95.55,4.66,186
2020-07-22,15231058,672839,14558219,275358,7418,267938,4.42,95.58,4.62,186
2020-07-23,15510689,679476,14831213,279632,6637,272994,4.38,95.62,4.58,186
2020-07-24,15794195,685937,15108258,283506,6461,277045,4.34,95.66,4.54,186
2020-07-25,16043752,692002,15351750,249557,6065,243492,4.31,95.69,4.51,186
2020-07-26,16255561,696411,15559150,211809,4409,207400,4.28,95.72,4.48,186
2020-07-27,16489947,701707,15788240,234390,5296,229090,4.26,95.74,4.44,186
2020-07-28,16753834,708645,16045189,263887,6938,256949,4.23,95.77,4.42,186
2020-07-29,17024067,715273,16308794,270233,6628,263605,4.2,95.8,4.39,186
2020-07-30,17305848,722050,16583798,281781,6777,275004,4.17,95.83,4.35,186
2020-07-31,17593310,728661,16864649,287462,6611,280851,4.14,95.86,4.32,186
2020-08-01,17839581,734647,17104934,246271,5986,240285,4.12,95.88,4.29,186
2020-08-02,18070192,739334,17330858,230611,4687,225924,4.09,95.91,4.27,186
2020-08-03,18276249,744190,17532059,206058,4856,201201,4.07,95.93,4.24,186
2020-08-04,18541553,751361,17790192,265304,7171,258133,4.05,95.95,4.22,186
2020-08-05,18816709,758738,18057971,275156,7377,267779,4.03,95.97,4.2,186
2020-08-06,19103411,765585,18337826,286702,6847,279855,4.01,95.99,4.17,186
2020-08-07,19385845,772338,18613507,282434,6753,275681,3.98,96.02,4.15,186
2020-08-08,19651072,778361,18872711,265227,6023,259204,3.96,96.04,4.12,186
2020-08-09,19884067,783555,19100512,232997,5194,227801,3.94,96.06,4.1,186
2020-08-10,20117279,788932,19328347,233212,5377,227835,3.92,96.08,4.08,186
2020-08-11,20382842,795547,19587295,265564,6615,258948,3.9,96.1,4.06,186
2020-08-12,20657911,802520,19855391,275069,6973,268096,3.88,96.12,4.04,186
2020-08-13,20948005,809307,20138698,290110,6787,283307,3.86,96.14,4.02,186
2020-08-14,21255078,815874,20439204,307073,6567,300506,3.84,96.16,3.99,186
2020-08-15,21504104,821928,20682176,249026,6054,242972,3.82,96.18,3.97,186
2020-08-16,21714145,826728,20887417,210083,4800,205241,3.81,96.19,3.96,186
2020-08-17,21927027,831351,21095676,212882,4623,208259,3.79,96.21,3.94,186
2020-08-18,22186431,838407,21348024,259404,7056,252348,3.78,96.22,3.93,186
2020-08-19,22463905,844830,21619075,277474,6423,271051,3.76,96.24,3.91,186
2020-08-20,22735384,851257,21884127,271479,6427,265052,3.74,96.26,3.89,186
2020-08-21,22997337,857029,22140308,261953,5772,256181,3.73,96.27,3.87,186
2020-08-22,23260866,862818,22398048,263529,5789,257740,3.71,96.29,3.85,186
2020-08-23,23463625,867125,22596500,202759,4307,198452,3.7,96.3,3.84,186
2020-08-24,23691725,871982,22819743,228200,4857,223243,3.68,96.32,3.82,186
2020-08-25,23936933,878544,23058389,245208,6562,238646,3.67,96.33,3.81,186
2020-08-26,24218624,885081,23333543,281691,6537,275154,3.65,96.35,3.79,186
2020-08-27,24505887,891296,23614591,287263,6215,281048,3.64,96.36,3.77,186
2020-08-28,24789826,897121,23892705,285287,5825,278114,3.62,96.38,3.75,186
2020-08-29,25050560,902909,24147651,260734,5788,254946,3.6,96.4,3.74,186
2020-08-30,25270298,907183,24363115,219738,4274,215464,3.59,96.41,3.72,186
2020-08-31,25534605,911616,24622989,264307,4433,259874,3.57,96.43,3.7,186
2020-09-01,25801489,918217,24883272,266884,6601,260283,3.56,96.44,3.69,186
2020-09-02,26083379,924535,25158844,281902,6318,275572,3.54,96.46,3.67,186
2020-09-03,26368809,930635,25438174,285430,6100,279330,3.53,96.47,3.66,186
2020-09-04,26670541,936475,25734066,301732,5840,295892,3.51,96.49,3.64,186
2020-09-05,26944262,941568,26002694,273721,5093,268628,3.49,96.51,3.62,186
2020-09-06,27173260,945703,26227557,228998,4135,224863,3.48,96.52,3.61,186
2020-09-07,27390543,955326,26435217,225236,9623,207660,3.49,96.51,3.61,186
2020-09-08,27637055,960449,26676606,246512,5123,241389,3.48,96.52,3.6,186
2020-09-09,27922364,966714,26955650,285309,6265,279044,3.46,96.54,3.59,186
2020-09-10,28226758,972716,27254042,304394,6002,298392,3.45,96.55,3.57,186
2020-09-11,28543120,978715,27564405,316362,5999,310363,3.43,96.57,3.55,186
2020-09-12,28831844,983772,27848072,288724,5057,283667,3.41,96.59,3.53,186
2020-09-13,29080679,987734,28092945,248835,3962,244873,3.4,96.6,3.52,186
2020-09-14,29347819,992341,28355478,267140,4607,262533,3.38,96.62,3.5,186
2020-09-15,29628371,998904,28629467,280552,6563,273989,3.37,96.63,3.49,186
2020-09-16,29933323,1004772,28928551,304952,5868,299084,3.36,96.64,3.47,186
2020-09-17,30248896,1010421,29238475,315573,5649,309924,3.34,96.66,3.46,186
2020-09-18,30575542,1016275,29559267,326646,5854,320792,3.32,96.68,3.44,186
2020-09-19,30868661,1021548,29847113,293119,5273,287846,3.31,96.69,3.42,186
2020-09-20,31123790,1025529,30098261,255129,3981,251148,3.3,96.7,3.41,186
2020-09-21,31383699,1029956,30353743,259909,4427,255482,3.28,96.72,3.39,186
2020-09-22,31668018,1036106,30631912,284319,6150,278169,3.27,96.73,3.38,186
2020-09-23,31979671,1042656,30937015,311653,6550,305103,3.26,96.74,3.37,186
2020-09-24,32300624,1048323,31252301,320953,5667,315286,3.25,96.75,3.35,186
2020-09-25,32631238,1054342,31576896,330614,6019,324595,3.23,96.77,3.34,186
2020-09-26,32917349,1059773,31857576,286111,5431,280680,3.22,96.78,3.33,186
2020-09-27,33164343,1063657,32100686,247086,3884,243110,3.21,96.79,3.31,186
2020-09-28,33425592,1067770,32357822,261249,4113,257136,3.19,96.81,3.3,186
2020-09-29,33708392,1073816,32634576,282800,6046,276754,3.19,96.81,3.29,186
2020-09-30,34032939,1080242,32952697,324547,6426,318121,3.17,96.83,3.28,186
2020-10-01,34352051,1089136,33262915,319112,8894,310218,3.17,96.83,3.27,186
2020-10-02,34681556,1094865,33586691,329505,5729,323776,3.16,96.84,3.26,186
2020-10-03,34978911,1099649,33879262,297355,4784,292571,3.14,96.86,3.25,186
2020-10-04,35239443,1103689,34135754,260532,4040,256492,3.13,96.87,3.23,186
2020-10-05,35550788,1110778,34440010,311345,7089,304256,3.12,96.88,3.23,186
2020-10-06,35866911,1116640,34750271,316123,5862,310261,3.11,96.89,3.21,186
2020-10-07,36216105,1122563,35093542,349194,5923,343271,3.1,96.9,3.2,186
2020-10-08,36575426,1128946,35446480,359321,6383,352938,3.09,96.91,3.18,186
2020-10-09,36935829,1135123,35800706,360403,6177,354226,3.07,96.93,3.17,186
2020-10-10,37291353,1140028,36151325,355524,4905,350619,3.06,96.94,3.15,186
2020-10-11,37580847,1144223,36436624,289494,4195,285299,3.04,96.96,3.14,186
2020-10-12,37870872,1148350,36722522,290025,4127,285898,3.03,96.97,3.13,187
2020-10-13,38190244,1153698,37036546,319372,5348,314024,3.02,96.98,3.12,187
2020-10-14,38571028,1159861,37411167,380784,6163,374621,3.01,96.99,3.1,187
2020-10-15,38978024,1166070,37811954,406996,6209,400787,2.99,97.01,3.08,187
2020-10-16,39388544,1172283,38216261,410520,6213,404307,2.98,97.02,3.07,187
2020-10-17,39760677,1178010,38582667,372133,5727,366406,2.96,97.04,3.05,187
2020-10-18,40091920,1181969,38909951,331243,3959,327284,2.95,97.05,3.04,187
2020-10-19,40466870,1186811,39280059,374950,4842,370108,2.93,97.07,3.02,187
2020-10-20,40855744,1193435,39662309,388874,6624,382250,2.92,97.08,3.01,187
2020-10-21,41295355,1200344,40095011,439611,6909,432702,2.91,97.09,2.99,187
2020-10-22,41777432,1206324,40571108,482077,5980,476097,2.89,97.11,2.97,187
2020-10-23,42271333,1213428,41057905,493901,7104,486797,2.87,97.13,2.96,187
2020-10-24,42727678,1219346,41508332,456345,5918,450427,2.85,97.15,2.94,187
2020-10-25,43086511,1223711,41862800,358833,4365,354468,2.84,97.16,2.92,187
2020-10-26,43569555,1229548,42340007,483044,5837,477207,2.82,97.18,2.9,187
2020-10-27,44038018,1236934,42801084,468463,7386,461077,2.81,97.19,2.89,187
2020-10-28,44559787,1244111,43315676,521769,7177,514592,2.79,97.21,2.87,188
2020-10-29,45111162,1251349,43859813,551375,7238,544137,2.77,97.23,2.85,188
2020-10-30,45682904,1259123,44423781,571742,7774,563968,2.76,97.24,2.83,188
2020-10-31,46155009,1265795,44889214,472105,6672,465433,2.74,97.26,2.82,188
2020-11-01,46594198,1271151,45323047,439189,5356,433833,2.73,97.27,2.8,188
2020-11-02,47142567,1277606,45864961,548369,6455,541914,2.71,97.29,2.79,188
2020-11-03,47708080,1287177,46420903,565513,9571,555942,2.7,97.3,2.77,188
2020-11-04,48200224,1297071,46903153,538265,9894,482250,2.69,97.31,2.77,188
2020-11-05,48819559,1305811,47513748,619336,8740,610595,2.67,97.33,2.75,188
2020-11-06,49442742,1314968,48127774,623183,9157,614026,2.66,97.34,2.73,188
2020-11-07,50041933,1322755,48719178,599191,7787,591404,2.64,97.36,2.72,188
2020-11-08,50532781,1329156,49203625,490848,6401,484447,2.63,97.37,2.7,188
2020-11-09,51042587,1336737,49705850,509806,7581,502225,2.62,97.38,2.69,188
2020-11-10,51613333,1346512,50266821,570746,9775,560971,2.61,97.39,2.68,189
2020-11-11,52237998,1356928,50881070,624665,10416,614249,2.6,97.4,2.67,189
2020-11-12,52878191,1366643,51511548,640193,9715,630478,2.58,97.42,2.65,189
2020-11-13,53539125,1376539,52162586,660934,9896,651038,2.57,97.43,2.64,189
2020-11-14,54126152,1385708,52740444,587027,9169,577858,2.56,97.44,2.63,189
2020-11-15,54616381,1392634,53223747,490229,6926,483303,2.55,97.45,2.62,189
2020-11-16,55142015,1400688,53741327,525634,8054,517580,2.54,97.46,2.61,189
2020-11-17,55744327,1411660,54332667,602312,10972,591340,2.53,97.47,2.6,189
2020-11-18,56366592,1423127,54943465,622265,11467,610798,2.52,97.48,2.59,190
2020-11-19,57020578,1434267,55586311,653986,11140,642846,2.52,97.48,2.58,190
2020-11-20,57694608,1446043,56248565,674030,11776,662254,2.51,97.49,2.57,190
2020-11-21,58287179,1455347,56831832,592571,9304,583267,2.5,97.5,2.56,190
2020-11-22,58785258,1463016,57322242,498079,7669,490410,2.49,97.51,2.55,190
2020-11-23,59319268,1471741,57847527,534010,8725,525285,2.48,97.52,2.54,190
2020-11-24,59910054,1484250,58425804,590786,12509,578277,2.48,97.52,2.54,190
2020-11-25,60527133,1496241,59030892,617079,11991,605088,2.47,97.53,2.53,190
2020-11-26,61116394,1507179,59609215,589261,10938,578323,2.47,97.53,2.53,190
2020-11-27,61811736,1518699,60293037,695342,11520,683822,2.46,97.54,2.52,190
2020-11-28,62419303,1528216,60891087,607567,9517,598050,2.45,97.55,2.51,190
2020-11-29,62914923,1535868,61379055,495620,7652,487968,2.44,97.56,2.5,190
2020-11-30,63421500,1544946,61876554,506577,9078,497499,2.44,97.56,2.5,190
2020-12-01,64036403,1557335,62479068,614903,12389,602514,2.43,97.57,2.49,190
2020-12-02,64676650,1569820,63106830,640247,12485,627762,2.43,97.57,2.49,190
2020-12-03,65367247,1582527,63784720,690597,12707,677890,2.42,97.58,2.48,190
2020-12-04,66063606,1594958,64468648,696359,12431,683928,2.41,97.59,2.47,190
2020-12-05,66705958,1605561,65100397,642352,10603,631749,2.41,97.59,2.47,190
2020-12-06,67249899,1613653,65636246,543941,8092,535849,2.4,97.6,2.46,190
2020-12-07,67784745,1622486,66162259,534846,8833,526013,2.39,97.61,2.45,190
2020-12-08,68415410,1634522,66780888,630665,12036,618629,2.39,97.61,2.45,190
2020-12-09,69080759,1647092,67433667,665349,12570,652779,2.38,97.62,2.44,190
2020-12-10,70576166,1659509,68916657,1495407,12417,1482990,2.35,97.65,2.41,190
2020-12-11,71281918,1672692,69609226,705752,13183,692569,2.35,97.65,2.4,190
2020-12-12,71930609,1683521,70247088,648691,10829,637862,2.34,97.66,2.4,190
2020-12-13,72469402,1691750,70777652,538793,8229,530564,2.33,97.67,2.39,190
2020-12-14,73020557,1700942,71319615,551155,9192,541963,2.33,97.67,2.38,190
2020-12-15,73669179,1714164,71955015,648622,13222,635400,2.33,97.67,2.38,190
2020-12-16,74386722,1728079,72658643,717577,13915,703628,2.32,97.68,2.38,190
2020-12-17,75125325,1741244,73384081,738603,13165,725438,2.32,97.68,2.37,190
2020-12-18,75846762,1754309,74092453,721437,13065,708372,2.31,97.69,2.37,190
2020-12-19,76482267,1765566,74716701,635505,11257,624248,2.31,97.69,2.36,190
2020-12-20,77029568,1773943,75255625,547301,8377,538924,2.3,97.7,2.36,190
2020-12-21,77575789,1783425,75792364,546221,9482,536739,2.3,97.7,2.35,190
2020-12-22,78227245,1797268,76429977,651456,13843,637613,2.3,97.7,2.35,190
2020-12-23,78909339,1811009,77098330,682094,13741,668353,2.3,97.7,2.35,190
2020-12-24,79602729,1823217,77779512,693390,12208,681182,2.29,97.71,2.34,190
2020-12-25,80095953,1831837,78264116,493224,8620,484604,2.29,97.71,2.34,190
2020-12-26,80628597,1840189,78788408,532644,8352,524292,2.28,97.72,2.34,190
2020-12-27,81041792,1848340,79193452,413195,8151,405044,2.28,97.72,2.33,190
2020-12-28,81540976,1857883,79683093,499184,9543,489641,2.28,97.72,2.33,190
2020-12-29,82212850,1872820,80340030,671874,14937,656937,2.28,97.72,2.33,190
2020-12-30,82938150,1888264,81049886,725300,15444,709856,2.28,97.72,2.33,190
2020-12-31,83777879,1901725,81876154,839729,13461,826268,2.27,97.73,2.32,190
2021-01-01,84341571,1911362,82430209,563692,9637,554055,2.27,97.73,2.32,190
2021-01-02,84945947,1920823,83025124,604376,9461,594915,2.26,97.74,2.31,190
2021-01-03,85466276,1928760,83537516,520329,7937,512392,2.26,97.74,2.31,190
2021-01-04,86023714,1938708,84085006,557438,9948,547490,2.25,97.75,2.31,190
2021-01-05,86764604,1954125,84810479,740890,15417,725473,2.25,97.75,2.3,190
2021-01-06,87555518,1969050,85586468,790914,14925,775989,2.25,97.75,2.3,190
2021-01-07,88425476,1984015,86441461,869959,14965,854993,2.24,97.76,2.3,190
2021-01-08,89260892,1999301,87261591,835416,15286,820130,2.24,97.76,2.29,190
2021-01-09,90017158,2012612,88004546,756266,13311,742955,2.24,97.76,2.29,190
2021-01-10,90618697,2022168,88596529,601539,9556,591983,2.23,97.77,2.28,190
2021-01-11,91233170,2032446,89200724,614473,10278,604195,2.23,97.77,2.28,190
2021-01-12,91925707,2049408,89876299,692537,16962,675575,2.23,97.77,2.28,190
2021-01-13,92668980,2065881,90603099,743273,16473,726800,2.23,97.77,2.28,190
2021-01-14,93428038,2081595,91346443,759058,15714,743344,2.23,97.77,2.28,190
2021-01-15,94211892,2097313,92114579,783854,15718,768136,2.23,97.77,2.28,190
2021-01-16,94868764,2111346,92757418,656872,14033,642839,2.23,97.77,2.28,190
2021-01-17,95396374,2121213,93275161,527610,9867,517743,2.22,97.78,2.27,190
2021-01-18,95913621,2131659,93781962,517248,10446,506801,2.22,97.78,2.27,190
2021-01-19,96506403,2147339,94359064,592782,15680,577102,2.23,97.77,2.28,190
2021-01-20,97193609,2165091,95028518,687206,17752,669454,2.23,97.77,2.28,190
2021-01-21,97862365,2182384,95679981,668756,17293,651463,2.23,97.77,2.28,191
2021-01-22,98525851,2198447,96327404,663486,16063,647423,2.23,97.77,2.28,191
2021-01-23,99102567,2213012,96889555,576716,14565,562151,2.23,97.77,2.28,191
2021-01-24,99564549,2222772,97341777,461982,9760,452222,2.23,97.77,2.28,191
2021-01-25,100046101,2233914,97812187,481552,11142,470410,2.23,97.77,2.28,191
2021-01-26,100607413,2251328,98356085,561312,17414,543898,2.24,97.76,2.29,191
2021-01-27,101208377,2268245,98940132,600964,16917,584047,2.24,97.76,2.29,191
2021-01-28,101823492,2284774,99538718,615115,16529,598586,2.24,97.76,2.3,191
2021-01-29,102412475,2300537,100111938,588985,15763,573220,2.25,97.75,2.3,191
2021-01-30,102927339,2313822,100613517,514864,13285,501579,2.25,97.75,2.3,191
2021-01-31,103323948,2323371,101000577,396609,9549,387060,2.25,97.75,2.3,191
2021-02-01,103766950,2333619,101433331,443002,10248,432754,2.25,97.75,2.3,191
2021-02-02,104232404,2348491,101883913,465454,14872,450582,2.25,97.75,2.31,191
2021-02-03,104757654,2364351,102393303,525250,15860,509390,2.26,97.74,2.31,191
2021-02-04,105229428,2377279,102852149,471774,12928,458846,2.26,97.74,2.31,191
2021-02-05,105765933,2394465,103371468,536505,17186,519319,2.26,97.74,2.32,191
2021-02-06,106201131,2406321,103794810,435198,11856,423342,2.27,97.73,2.32,191
2021-02-07,106552679,2414087,104138592,351548,7766,343782,2.27,97.73,2.32,191
2021-02-08,106892596,2423647,104468949,339918,9560,330357,2.27,97.73,2.32,191
2021-02-09,107299886,2438378,104861508,407290,14731,392559,2.27,97.73,2.33,191
2021-02-10,107740350,2452238,105288112,440464,13860,426604,2.28,97.72,2.33,191
2021-02-11,108184117,2466106,105718011,443767,13868,429899,2.28,97.72,2.33,191
2021-02-12,108613706,2478987,106134719,429589,12881,416708,2.28,97.72,2.34,191
2021-02-13,108994194,2489670,106504524,380488,10683,369805,2.28,97.72,2.34,191
2021-02-14,109302839,2496776,106806063,308645,7106,301539,2.28,97.72,2.34,191
2021-02-15,109583661,2504593,107079068,280822,7817,273005,2.29,97.71,2.34,191
2021-02-16,109943453,2515696,107427757,359792,11103,348689,2.29,97.71,2.34,191
2021-02-17,110329832,2527051,107802781,386379,11355,375024,2.29,97.71,2.34,191
2021-02-18,110740632,2539040,108201592,410800,11989,398811,2.29,97.71,2.35,191
2021-02-19,111150294,2550697,108599597,409662,11657,398005,2.29,97.71,2.35,191
2021-02-20,111525504,2559799,108965705,375210,9102,366108,2.3,97.7,2.35,191
2021-02-21,111845067,2566589,109278478,319563,6790,312773,2.29,97.71,2.35,191
2021-02-22,112140636,2573832,109566804,295569,7243,288326,2.3,97.7,2.35,191
2021-02-23,112533378,2585313,109948065,392742,11481,381261,2.3,97.7,2.35,191
2021-02-24,112978308,2597757,110380551,444930,12444,432486,2.3,97.7,2.35,191
2021-02-25,113431272,2608759,110822513,452964,11002,441962,2.3,97.7,2.35,191
2021-02-26,113873212,2619309,111253903,441940,10550,431390,2.3,97.7,2.35,191
2021-02-27,114269949,2628038,111641911,396737,8729,388008,2.3,97.7,2.35,191
2021-02-28,114577734,2634538,111943196,307785,6500,301285,2.3,97.7,2.35,191
2021-03-01,114883234,2642046,112241188,305500,7508,297992,2.3,97.7,2.35,191
2021-03-02,115196497,2652303,112544194,387610,10257,303006,2.3,97.7,2.36,191
2021-03-03,115638343,2663861,112974482,441846,11558,430288,2.3,97.7,2.36,191
2021-03-04,116096751,2674266,113422485,458408,10405,448003,2.3,97.7,2.36,191
2021-03-05,116545848,2684804,113861044,449097,10538,438559,2.3,97.7,2.36,191
2021-03-06,116959875,2693070,114266805,414027,8266,405761,2.3,97.7,2.36,191
2021-03-07,117334319,2699149,114635170,374444,6079,368365,2.3,97.7,2.35,191
2021-03-08,117639788,2706341,114933447,305469,7192,298277,2.3,97.7,2.35,191
2021-03-09,118053832,2716833,115336999,414044,10492,403552,2.3,97.7,2.36,191
2021-03-10,118512699,2726989,115785710,458867,10156,448711,2.3,97.7,2.36,191
2021-03-11,119002379,2737204,116265175,489680,10215,479465,2.3,97.7,2.35,191
2021-03-12,119491627,2747063,116744564,489248,9859,479389,2.3,97.7,2.35,191
2021-03-13,119947223,2755670,117191553,455596,8607,446989,2.3,97.7,2.35,191
2021-03-14,120312298,2761645,117550653,365075,5975,359100,2.3,97.7,2.35,191
2021-03-15,120666382,2769152,117897230,354084,7507,346577,2.29,97.71,2.35,191
2021-03-16,121133416,2779771,118353645,467034,10619,456415,2.29,97.71,2.35,191
2021-03-17,121679132,2790361,118888771,545716,10590,535126,2.29,97.71,2.35,191
2021-03-18,122227061,2801080,119425981,547929,10719,537210,2.29,97.71,2.35,191
2021-03-19,122789600,2811899,119977701,562539,10819,551720,2.29,97.71,2.34,191
2021-03-20,123288047,2820686,120467361,498447,8787,489660,2.29,97.71,2.34,191
2021-03-21,123728516,2829241,120899275,440469,8555,431914,2.29,97.71,2.34,191
2021-03-22,124149707,2837206,121312501,423405,7965,413226,2.29,97.71,2.34,191
2021-03-23,124655546,2848716,121806830,505839,11510,494329,2.29,97.71,2.34,191
2021-03-24,125285245,2859330,122425915,631700,10614,619085,2.28,97.72,2.34,191
2021-03-25,125937437,2870882,123066555,652192,11552,640640,2.28,97.72,2.33,191
2021-03-26,126577479,2883652,123693827,640042,12770,627272,2.28,97.72,2.33,191
2021-03-27,127162012,2893863,124268149,584533,10211,574322,2.28,97.72,2.33,191
2021-03-28,127654666,2901148,124753518,492654,7285,485369,2.27,97.73,2.33,191
2021-03-29,128113942,2909811,125204131,459276,8663,450613,2.27,97.73,2.32,191
2021-03-30,128676148,2921713,125754435,562206,11902,550304,2.27,97.73,2.32,191
2021-03-31,129350044,2934638,126415406,673896,12925,660971,2.27,97.73,2.32,191
2021-04-01,130059863,2946941,127112922,709819,12303,697516,2.27,97.73,2.32,191
2021-04-02,130704648,2957592,127747056,644785,10651,634134,2.26,97.74,2.32,191
2021-04-03,131244998,2966933,128278065,540350,9341,531009,2.26,97.74,2.31,191
2021-04-04,131804920,2974361,128830559,559922,7428,552494,2.26,97.74,2.31,191
2021-04-05,132301909,2982615,129319294,496989,8254,488735,2.25,97.75,2.31,191
2021-04-06,132909403,2995068,129914335,607494,12453,595041,2.25,97.75,2.31,191
2021-04-07,133572542,3010427,130562115,663139,15359,647780,2.25,97.75,2.31,191
2021-04-08,134408598,3024730,131383868,836056,14303,821753,2.25,97.75,2.3,191
2021-04-09,135155916,3039077,132116839,752105,14347,732971,2.25,97.75,2.3,191
2021-04-10,135826560,3052084,132774476,670644,13007,657637,2.25,97.75,2.3,191
2021-04-11,136536172,3061206,133474966,709612,9122,700490,2.24,97.76,2.29,191
2021-04-12,137150018,3071114,134078904,613846,9908,603938,2.24,97.76,2.29,191
2021-04-13,137913842,3084908,134828934,763824,13794,750030,2.24,97.76,2.29,191
2021-04-14,138725156,3098999,135626157,811314,14091,797223,2.23,97.77,2.28,191
2021-04-15,139546387,3112656,136433731,821231,13657,807574,2.23,97.77,2.28,191
2021-04-16,140406237,3126034,137280203,859850,13378,846472,2.23,97.77,2.28,191
2021-04-17,141200224,3138650,138061574,794040,12616,781371,2.22,97.78,2.27,191
2021-04-18,141900334,3147787,138752547,700110,9137,690973,2.22,97.78,2.27,191
2021-04-19,142591266,3158921,139432345,690932,11134,679798,2.22,97.78,2.27,191
2021-04-20,143430863,3173214,140257649,839597,14293,825304,2.21,97.79,2.26,191
2021-04-21,144320105,3187969,141132136,889242,14755,874487,2.21,97.79,2.26,191
2021-04-22,145219506,3201890,142017616,899401,13921,885480,2.2,97.8,2.25,191
2021-04-23,146127165,3217151,142910014,907659,15261,892398,2.2,97.8,2.25,191
2021-04-24,146951395,3230283,143721112,824230,13132,811098,2.2,97.8,2.25,191
2021-04-25,147679881,3241056,144438825,728486,10773,717713,2.19,97.81,2.24,191
2021-04-26,148368931,3252686,145116245,689050,11630,677420,2.19,97.81,2.24,191
2021-04-27,149208053,3267687,145940366,839122,15001,824121,2.19,97.81,2.24,191
2021-04-28,150106844,3283632,146823212,898791,15945,882846,2.19,97.81,2.24,191
2021-04-29,151000879,3299371,147701508,894035,15739,878296,2.19,97.81,2.23,191
2021-04-30,151892248,3313794,148578454,891369,14423,876946,2.18,97.82,2.23,191
2021-05-01,152687158,3326833,149360325,794910,13039,781871,2.18,97.82,2.23,191
2021-05-02,153374429,3337164,150037265,687271,10331,676940,2.18,97.82,2.22,191
2021-05-03,154064886,3348849,150716037,690457,11685,678772,2.17,97.83,2.22,191
2021-05-04,154849842,3362908,151486934,784956,14059,770897,2.17,97.83,2.22,191
2021-05-05,155691843,3377814,152314029,842001,14906,827095,2.17,97.83,2.22,191
2021-05-06,156564688,3392389,153172299,872845,14575,858270,2.17,97.83,2.21,191
2021-05-07,157399514,3406855,153992659,834826,14466,820360,2.16,97.84,2.21,191
2021-05-08,158187812,3420184,154767628,788298,13329,774969,2.16,97.84,2.21,191
2021-05-09,158837221,3430658,155406563,649410,10474,638935,2.16,97.84,2.21,191
2021-05-10,159462865,3441750,156021115,625644,11092,614552,2.16,97.84,2.21,191
2021-05-11,160188664,3455921,156732743,725816,14171,711628,2.16,97.84,2.2,191
2021-05-12,160956152,3470061,157486091,767488,14140,753348,2.16,97.84,2.2,191
2021-05-13,161690851,3483495,158207356,734699,13434,721265,2.15,97.85,2.2,191
2021-05-14,162400416,3496523,158903893,709565,13028,696537,2.15,97.85,2.2,191
2021-05-15,163032028,3508808,159523220,631612,12285,619327,2.15,97.85,2.2,191
2021-05-16,163578650,3519109,160059541,546622,10301,536321,2.15,97.85,2.2,191
2021-05-17,164122192,3530439,160591753,543542,11330,532212,2.15,97.85,2.2,191
2021-05-18,164741830,3544515,161197315,622000,14076,605562,2.15,97.85,2.2,192
2021-05-19,165413875,3557972,161855903,672045,13457,658588,2.15,97.85,2.2,192
2021-05-20,165696181,3571152,162125029,631146,13180,269126,2.16,97.84,2.2,192
2021-05-21,166322656,3584129,162738527,626475,12977,613498,2.15,97.85,2.2,192
2021-05-22,166895017,3595574,163299443,572361,11445,560916,2.15,97.85,2.2,192
2021-05-23,167376640,3605437,163771203,481623,9863,471760,2.15,97.85,2.2,192
2021-05-24,167827718,3614583,164213135,451078,9146,441932,2.15,97.85,2.2,192
2021-05-25,168361125,3627566,164733559,533407,12983,520424,2.15,97.85,2.2,192
2021-05-26,168929553,3640372,165289181,568428,12806,555622,2.15,97.85,2.2,192
2021-05-27,169476450,3653312,165823138,546897,12940,533957,2.16,97.84,2.2,192
2021-05-28,169981961,3665328,166316633,505511,12016,493495,2.16,97.84,2.2,192
2021-05-29,170462381,3676136,166786245,480420,10808,469612,2.16,97.84,2.2,192
2021-05-30,170852328,3684536,167167792,389947,8400,381547,2.16,97.84,2.2,192
2021-05-31,171239384,3693233,167546151,387056,8697,378359,2.16,97.84,2.2,192
2021-06-01,171699388,3708447,167990941,460004,15214,444790,2.16,97.84,2.21,192
2021-06-02,172187016,3720373,168466643,487628,11926,475702,2.16,97.84,2.21,192
2021-06-03,172667515,3730531,168936984,480499,10158,470341,2.16,97.84,2.21,192
2021-06-04,173092406,3741191,169351215,424891,10660,414231,2.16,97.84,2.21,192
2021-06-05,173489057,3750604,169738453,396651,9413,387238,2.16,97.84,2.21,192
2021-06-06,173812038,3757910,170054128,322981,7306,315675,2.16,97.84,2.21,192
2021-06-07,174133805,3765985,170367820,321767,8075,313692,2.16,97.84,2.21,192
2021-06-08,174503922,3776640,170727282,370117,10655,359462,2.16,97.84,2.21,192
2021-06-09,174922214,3786823,171135391,418292,10183,408109,2.16,97.84,2.21,192
2021-06-10,175375718,3802803,171572915,453504,15980,437524,2.17,97.83,2.22,192
2021-06-11,175797755,3814543,171983212,422037,11740,410297,2.17,97.83,2.22,192
2021-06-12,176166135,3824353,172341782,368380,9810,358570,2.17,97.83,2.22,192
2021-06-13,176468936,3833624,172635312,302801,9271,293530,2.17,97.83,2.22,192
2021-06-14,176778238,3841615,172936623,309302,7991,301311,2.17,97.83,2.22,192
2021-06-15,177152995,3852366,173300629,374757,10751,364006,2.17,97.83,2.22,192
2021-06-16,177542170,3862448,173679722,389175,10082,379093,2.18,97.82,2.22,192
2021-06-17,177938165,3871747,174066418,395995,9299,386696,2.18,97.82,2.22,192
2021-06-18,178341672,3880940,174460732,403507,9193,394314,2.18,97.82,2.22,192
2021-06-19,178688969,3889021,174799948,347297,8081,339216,2.18,97.82,2.22,192
2021-06-20,178993733,3895889,175097844,304764,6868,297896,2.18,97.82,2.22,192
2021-06-21,179290388,3902872,175387516,296655,6983,289672,2.18,97.82,2.23,192
2021-06-22,179700602,3911858,175788744,410214,8986,401228,2.18,97.82,2.23,192
2021-06-23,180097225,3921204,176176021,396623,9346,387277,2.18,97.82,2.23,192
2021-06-24,180506479,3929864,176576615,409254,8660,400594,2.18,97.82,2.23,192
2021-06-25,180924147,3939098,176985049,417668,9234,408434,2.18,97.82,2.23,192
2021-06-26,181287044,3946641,177340403,362897,7543,355354,2.18,97.82,2.23,192
2021-06-27,181598280,3952736,177645544,311236,6095,305141,2.18,97.82,2.23,192
2021-06-28,181931298,3959297,177972001,333018,6561,326457,2.18,97.82,2.22,192
2021-06-29,182312506,3967457,178345049,381208,8160,373048,2.18,97.82,2.22,192
2021-06-30,182711974,3976662,178735312,399491,9205,390263,2.18,97.82,2.22,192
2021-07-01,183147516,3985203,179162313,435542,8541,427001,2.18,97.82,2.22,192
2021-07-02,183589858,3993579,179596279,442342,8376,433966,2.18,97.82,2.22,192
2021-07-03,183963685,4000482,179963203,373827,6903,366924,2.17,97.83,2.22,192
2021-07-04,184291429,4007122,180284307,327744,6640,321104,2.17,97.83,2.22,192
2021-07-05,184669346,4014514,180654832,377917,7392,370525,2.17,97.83,2.22,192
2021-07-06,185119877,4022995,181096882,450531,8481,442050,2.17,97.83,2.22,192
2021-07-07,185585119,4031549,181553570,465242,8554,456688,2.17,97.83,2.22,192
2021-07-08,186066998,4040469,182026529,481879,8920,472959,2.17,97.83,2.22,192
2021-07-09,186580234,4048886,182531348,513236,8417,504819,2.17,97.83,2.22,192
2021-07-10,187001347,4055450,182945897,421113,6564,414549,2.17,97.83,2.22,192
2021-07-11,187371239,4063083,183308156,369892,7633,362259,2.17,97.83,2.22,192
2021-07-12,187805402,4071224,183734178,434163,8141,426022,2.17,97.83,2.22,192
2021-07-13,188331061,4079606,184251455,525659,8382,517277,2.17,97.83,2.21,192
2021-07-14,188869043,4088197,184780846,537982,8591,529391,2.16,97.84,2.21,192
2021-07-15,189445457,4096833,185348624,576414,8636,567778,2.16,97.84,2.21,192
2021-07-16,190041395,4105594,185935801,595938,8761,587177,2.16,97.84,2.21,192
2021-07-17,190530245,4113104,186417141,488850,7510,481340,2.16,97.84,2.21,192
2021-07-18,190950454,4119706,186830748,420209,6602,413607,2.16,97.84,2.21,192
2021-07-19,191439879,4126932,187312947,489425,7226,482199,2.16,97.84,2.2,192
2021-07-20,191972298,4147633,187824665,532419,20701,511718,2.16,97.84,2.21,192
2021-07-21,192528406,4156300,188372106,556108,8667,547441,2.16,97.84,2.21,192
2021-07-22,193093565,4165080,188928485,565159,8780,556379,2.16,97.84,2.2,192
2021-07-23,193821705,4173411,189648294,728140,8331,719809,2.15,97.85,2.2,192
2021-07-24,194253621,4182075,190071546,491291,8664,423252,2.15,97.85,2.2,192
2021-07-25,194699235,4189456,190509779,445614,7381,438233,2.15,97.85,2.2,192
2021-07-26,195239816,4197961,191041855,540581,8505,532076,2.15,97.85,2.2,192
2021-07-27,195846146,4207751,191638395,606330,9790,596540,2.15,97.85,2.2,192
2021-07-28,196496206,4217873,192278333,650060,10122,639938,2.15,97.85,2.19,192
2021-07-29,197139061,4228139,192910922,642855,10266,632589,2.14,97.86,2.19,192
2021-07-30,197871391,4237742,193633649,732330,9603,722727,2.14,97.86,2.19,192
2021-07-31,198388685,4246586,194142099,517294,8844,508450,2.14,97.86,2.19,192
2021-08-01,198871735,4254005,194617730,483050,7419,475631,2.14,97.86,2.19,192
2021-08-02,199442821,4262156,195180665,571086,8151,562935,2.14,97.86,2.18,192
2021-08-03,200077096,4272508,195804588,634275,10352,623923,2.14,97.86,2.18,192
2021-08-04,200757536,4283000,196474536,680440,10492,669948,2.13,97.87,2.18,192
2021-08-05,201443130,4293991,197149139,685594,10991,674603,2.13,97.87,2.18,192
2021-08-06,202262596,4304462,197958134,819466,10471,808995,2.13,97.87,2.17,192
2021-08-07,202823842,4313138,198510704,561246,8676,552570,2.13,97.87,2.17,192
2021-08-08,203291558,4320635,198970923,467716,7497,460219,2.13,97.87,2.17,192
2021-08-09,203910614,4329465,199581149,619056,8830,610226,2.12,97.88,2.17,192
2021-08-10,204556351,4340983,200215368,645737,11518,634219,2.12,97.88,2.17,192
2021-08-11,205287044,4351507,200935537,730693,10524,720169,2.12,97.88,2.17,192
2021-08-12,205992764,4362019,201630745,705720,10512,695208,2.12,97.88,2.16,192
2021-08-13,206794559,4372493,202422066,801795,10474,791321,2.11,97.89,2.16,192
2021-08-14,207347468,4381235,202966233,552909,8742,544167,2.11,97.89,2.16,192
2021-08-15,207814150,4388678,203425472,466682,7443,459239,2.11,97.89,2.16,192
2021-08-16,208478470,4398541,204079929,664320,9863,654457,2.11,97.89,2.16,192
2021-08-17,209161150,4409254,204751896,682680,10713,671967,2.11,97.89,2.15,192
2021-08-18,209896793,4420072,205476721,735643,10818,724825,2.11,97.89,2.15,192
2021-08-19,210608523,4431518,206177005,711730,11446,700284,2.1,97.9,2.15,192
2021-08-20,211393732,4442011,206951721,785209,10493,774716,2.1,97.9,2.15,192
2021-08-21,211952785,4450933,207501852,559053,8922,550131,2.1,97.9,2.15,192
2021-08-22,212400865,4458714,207942151,448080,7781,440299,2.1,97.9,2.14,193
2021-08-23,213084946,4468766,208616180,684081,10052,674029,2.1,97.9,2.14,193
2021-08-24,213761710,4479791,209281919,676764,11025,665739,2.1,97.9,2.14,193
2021-08-25,214499105,4491101,210008004,737395,11310,726085,2.09,97.91,2.14,193
2021-08-26,215235537,4502692,210732845,736432,11591,724841,2.09,97.91,2.14,193
2021-08-27,215986646,4513107,211473539,751109,10415,740694,2.09,97.91,2.13,193
2021-08-28,216543804,4521540,212022264,557158,8433,548725,2.09,97.91,2.13,193
2021-08-29,216990623,4528362,212462261,446819,6822,439997,2.09,97.91,2.13,193
2021-08-30,217662474,4537931,213124543,671851,9569,662282,2.08,97.92,2.13,193
2021-08-31,218283108,4547249,213735859,620634,9318,611316,2.08,97.92,2.13,193
2021-09-01,219002180,4559671,214442509,719072,12422,706650,2.08,97.92,2.13,193
2021-09-02,219678941,4570927,215108014,678468,11256,665505,2.08,97.92,2.12,193
2021-09-03,220402501,4581652,215820849,723560,10725,712835,2.08,97.92,2.12,193
2021-09-04,220899202,4589424,216309778,496701,7772,488929,2.08,97.92,2.12,193
2021-09-05,221346170,4595994,216750176,446968,6570,440398,2.08,97.92,2.12,193
2021-09-06,221823936,4604160,217219776,477779,8166,469600,2.08,97.92,2.12,193
2021-09-07,222480426,4614623,217865803,656490,10463,646027,2.07,97.93,2.12,193
2021-09-08,223118125,4624707,218493418,637699,10084,627615,2.07,97.93,2.12,193
2021-09-09,223758270,4635458,219122812,640145,10751,629394,2.07,97.93,2.12,193
2021-09-10,224416982,4644640,219772342,658712,9182,649530,2.07,97.93,2.11,193
2021-09-11,224885504,4653013,220232491,468522,8373,460149,2.07,97.93,2.11,193
2021-09-12,225256908,4658677,220598231,371404,5664,365740,2.07,97.93,2.11,193
2021-09-13,225834809,4667832,221166977,577901,9155,568746,2.07,97.93,2.11,193
2021-09-14,226384636,4677736,221706900,549827,9904,539923,2.07,97.93,2.11,193
2021-09-15,226951486,4688164,222263322,568026,10428,556422,2.07,97.93,2.11,193
2021-09-16,227538841,4698678,222840163,587355,10514,576841,2.07,97.93,2.11,193
2021-09-17,228162060,4707739,223454321,623219,9061,614158,2.06,97.94,2.11,193
2021-09-18,228685930,4714226,223971704,523870,6487,517383,2.06,97.94,2.1,193
2021-09-19,229049327,4720323,224329004,363397,6097,357300,2.06,97.94,2.1,193
2021-09-20,229579517,4728693,224850824,530190,8370,521820,2.06,97.94,2.1,193
2021-09-21,230068196,4738048,225330148,488679,9355,479324,2.06,97.94,2.1,193
2021-09-22,230603174,4747765,225855409,534978,9717,525261,2.06,97.94,2.1,193
2021-09-23,231150804,4757613,226393191,547630,9848,537782,2.06,97.94,2.1,193
2021-09-24,231700046,4766311,226933735,549242,8698,540544,2.06,97.94,2.1,193
2021-09-25,232074048,4771782,227302266,374125,5471,368531,2.06,97.94,2.1,193
2021-09-26,232429867,4777316,227652551,355819,5534,350285,2.06,97.94,2.1,193
2021-09-27,232912636,4785090,228127546,482769,7774,474995,2.05,97.95,2.1,193
2021-09-28,233363612,4794463,228569149,450976,9373,441603,2.05,97.95,2.1,193
2021-09-29,233854589,4803756,229050833,490977,9293,481684,2.05,97.95,2.1,193
2021-09-30,234344486,4812628,229531858,489897,8872,481025,2.05,97.95,2.1,193
2021-10-01,234866488,4821259,230045229,522002,8631,513371,2.05,97.95,2.1,193
2021-10-02,235217129,4827199,230389930,350641,5940,344701,2.05,97.95,2.1,193
2021-10-03,235526172,4831562,230694610,309043,4363,304680,2.05,97.95,2.09,193
2021-10-04,235973236,4838800,231134436,447064,7238,439826,2.05,97.95,2.09,193
2021-10-05,236396084,4846166,231549918,422848,7366,415482,2.05,97.95,2.09,193
2021-10-06,236903137,4855299,232047838,507053,9133,497920,2.05,97.95,2.09,193
2021-10-07,237364971,4864258,232500713,461834,8959,452875,2.05,97.95,2.09,193
2021-10-08,237840388,4871819,232968569,475417,7561,467856,2.05,97.95,2.09,193
2021-10-09,238180587,4876643,233303944,340199,4824,335375,2.05,97.95,2.09,193
2021-10-10,238497040,4881401,233615639,316453,4758,311695,2.05,97.95,2.09,193
2021-10-11,238885027,4887365,233997662,387987,5964,382023,2.05,97.95,2.09,193
2021-10-12,239323235,4895343,234427892,438208,7978,430230,2.05,97.95,2.09,193
2021-10-13,239779656,4904246,234875410,456421,8903,447518,2.05,97.95,2.09,193
2021-10-14,240233053,4912254,235320799,454493,8008,445389,2.04,97.96,2.09,193
2021-10-15,240691036,4919459,235771577,457983,7205,450778,2.04,97.96,2.09,193
2021-10-16,241032394,4924801,236107593,341358,5342,336016,2.04,97.96,2.09,193
2021-10-17,241345695,4929161,236416534,313301,4360,308941,2.04,97.96,2.08,193
2021-10-18,241773480,4935758,236837722,427785,6597,421188,2.04,97.96,2.08,193
2021-10-19,242205046,4943743,237261303,431566,7985,423581,2.04,97.96,2.08,193
2021-10-20,242681353,4952413,237728940,476307,8670,467637,2.04,97.96,2.08,193
2021-10-21,243143399,4960177,238183222,462046,7764,454282,2.04,97.96,2.08,193
2021-10-22,243636224,4968346,238667878,492825,8169,484656,2.04,97.96,2.08,193
2021-10-23,244006482,4974232,239032250,370258,5886,364372,2.04,97.96,2.08,193
2021-10-24,244315685,4978873,239336812,309203,4641,304562,2.04,97.96,2.08,193
2021-10-25,244768082,4985765,239782317,452397,6892,445505,2.04,97.96,2.08,193
2021-10-26,245194554,4993505,240201049,426472,7740,418732,2.04,97.96,2.08,193
2021-10-27,245708548,5002648,240705900,513994,9143,504851,2.04,97.96,2.08,193
2021-10-28,246191573,5011582,241179991,483025,8934,474091,2.04,97.96,2.08,193
2021-10-29,246685654,5019401,241666253,494081,7819,486262,2.03,97.97,2.08,194
2021-10-30,247060266,5025404,242034862,374612,6003,368609,2.03,97.97,2.08,194
2021-10-31,247409113,5030040,242379073,348847,4636,344211,2.03,97.97,2.08,194
2021-11-01,247866759,5036524,242830235,457646,6484,451162,2.03,97.97,2.07,194
2021-11-02,248271207,5043602,243227605,404448,7078,397370,2.03,97.97,2.07,194
2021-11-03,248796000,5052065,243743935,524793,8463,516330,2.03,97.97,2.07,194
2021-11-04,249313456,5059635,244253821,517456,7570,509886,2.03,97.97,2.07,194
2021-11-05,249837738,5068220,244769518,524282,8585,515697,2.03,97.97,2.07,194
2021-11-06,250243487,5074865,245168622,405749,6645,399104,2.03,97.97,2.07,194
2021-11-07,250584186,5079480,245504706,340699,4615,336084,2.03,97.97,2.07,194
2021-11-08,251109231,5086295,246022936,525045,6815,518230,2.03,97.97,2.07,194
2021-11-09,251578644,5094297,246484347,469413,8002,461411,2.02,97.98,2.07,194
2021-11-10,252152172,5102566,247049606,573576,8269,565259,2.02,97.98,2.07,194
2021-11-11,252673054,5110240,247562814,521289,7674,513208,2.02,97.98,2.06,194
2021-11-12,253272805,5119240,248153565,599751,9000,590751,2.02,97.98,2.06,194
2021-11-13,253668528,5125530,248542998,395723,6290,389433,2.02,97.98,2.06,194
2021-11-14,254016807,5130257,248886550,348279,4727,343552,2.02,97.98,2.06,194
2021-11-15,254618392,5137378,249481014,601585,7121,594464,2.02,97.98,2.06,194
2021-11-16,255125217,5144993,249980224,506825,7615,499210,2.02,97.98,2.06,194
2021-11-17,255740427,5154149,250586278,615210,9156,606054,2.02,97.98,2.06,194
2021-11-18,256362083,5162439,251199644,621656,8290,613366,2.01,97.99,2.06,194
2021-11-19,256976720,5170418,251806302,614637,7979,606658,2.01,97.99,2.05,194
2021-11-20,257414736,5176446,252238290,438016,6028,431988,2.01,97.99,2.05,194
2021-11-21,257794528,5181084,252613444,379792,4638,375154,2.01,97.99,2.05,194
2021-11-22,258499181,5188536,253310645,704653,7452,697201,2.01,97.99,2.05,194
2021-11-23,259091774,5196547,253895227,593742,8011,584582,2.01,97.99,2.05,194
2021-11-24,259749679,5205116,254544563,657905,8569,649336,2.0,98.0,2.04,194
2021-11-25,260346898,5212971,255133927,597219,7855,589364,2.0,98.0,2.04,194
2021-11-26,260960590,5219866,255740724,613692,6895,606797,2.0,98.0,2.04,194
2021-11-27,261379393,5225731,256153662,418803,5865,412938,2.0,98.0,2.04,194
2021-11-28,261769183,5230633,256538550,389790,4902,384888,2.0,98.0,2.04,194
2021-11-29,262511521,5238560,257272961,742338,7927,734411,2.0,98.0,2.04,194
2021-11-30,263111986,5246587,257865399,600465,8027,592438,1.99,98.01,2.03,194
2021-12-01,263814449,5255833,258558616,702463,9246,693217,1.99,98.01,2.03,194
2021-12-02,264521683,5265994,259255689,707234,10161,697073,1.99,98.01,2.03,194
2021-12-03,265252521,5274584,259977937,730838,8590,722248,1.99,98.01,2.03,194
2021-12-04,265724732,5280101,260444631,472211,5517,466694,1.99,98.01,2.03,194
2021-12-05,266144533,5287519,260857014,419801,7418,412383,1.99,98.01,2.03,194
2021-12-06,266848255,5294977,261553278,703756,7458,696264,1.98,98.02,2.02,194
2021-12-07,267487501,5302701,262184800,639246,7724,631522,1.98,98.02,2.02,194
2021-12-08,268198847,5310996,262887851,711346,8295,703051,1.98,98.02,2.02,194
2021-12-09,268897232,5319567,263577665,698385,8571,689814,1.98,98.02,2.02,194
2021-12-10,269590765,5327583,264263182,693565,8016,685517,1.98,98.02,2.02,194
2021-12-11,270057669,5333418,264724251,466987,5835,461069,1.97,98.03,2.01,194
2021-12-12,270484219,5338011,265146208,426550,4593,421957,1.97,98.03,2.01,194
2021-12-13,271178102,5344946,265833156,693883,6935,686948,1.97,98.03,2.01,194
2021-12-14,271814899,5352680,266462219,636797,7734,629063,1.97,98.03,2.01,195
2021-12-15,272555073,5361705,267193368,740174,9025,731149,1.97,98.03,2.01,195
2021-12-16,273299299,5369050,267930249,744226,7345,736881,1.96,98.04,2.0,195
2021-12-17,274066865,5376350,268690515,767566,7300,760266,1.96,98.04,2.0,195
2021-12-18,274596806,5382019,269214787,529941,5669,524272,1.96,98.04,2.0,195
2021-12-19,275081762,5386366,269695396,484956,4347,480609,1.96,98.04,2.0,195
2021-12-20,275891827,5393648,270498179,810065,7282,802783,1.95,98.05,1.99,195
2021-12-21,276650488,5401205,271249283,758703,7557,751104,1.95,98.05,1.99,195
2021-12-22,277564971,5411575,272153396,914524,10370,904113,1.95,98.05,1.99,195
2021-12-23,278576998,5418832,273158166,1012027,7257,1004770,1.95,98.05,1.98,195
2021-12-24,279433098,5424526,274008572,856129,5694,850406,1.94,98.06,1.98,195
2021-12-25,280115089,5428838,274686251,681991,4312,677679,1.94,98.06,1.98,195
2021-12-26,280690567,5432668,275257899,575505,3830,571648,1.94,98.06,1.97,195
2021-12-27,282032181,5439638,276592543,1341614,6970,1334644,1.93,98.07,1.97,195
2021-12-28,283368549,5447322,277921227,1336368,7684,1328684,1.92,98.08,1.96,195
2021-12-29,285073412,5455263,279618149,1704863,7941,1696922,1.91,98.09,1.95,195
2021-12-30,287023538,5462682,281560856,1950126,7419,1942707,1.9,98.1,1.94,195
2021-12-31,288726573,5469041,283257532,1703035,6359,1696676,1.89,98.11,1.93,195
2022-01-01,289929707,5473303,284456404,1203134,4262,1198872,1.89,98.11,1.92,195
2022-01-02,290848217,5476699,285371518,918510,3396,915114,1.88,98.12,1.92,195
2022-01-03,293186592,5482512,287704080,2338381,5813,2332562,1.87,98.13,1.91,195
2022-01-04,295800013,5491196,290308817,2613421,8684,2604737,1.86,98.14,1.89,195
2022-01-05,298384011,5498968,292885043,2583998,7772,2576226,1.84,98.16,1.88,195
2022-01-06,301053222,5506577,295546645,2669211,7609,2661602,1.83,98.17,1.86,195
2022-01-07,304006856,5513827,298493029,2953634,7250,2946384,1.81,98.19,1.85,195
2022-01-08,306143443,5519034,300624409,2136587,5207,2131380,1.8,98.2,1.84,195
2022-01-09,308148522,5523093,302625429,2005079,4059,2001020,1.79,98.21,1.83,195
2022-01-10,311400233,5530003,305870230,3251711,6910,3244801,1.78,98.22,1.81,195
2022-01-11,314430636,5539108,308891528,3030406,9105,3021298,1.76,98.24,1.79,195
2022-01-12,317877290,5548134,312329156,3446654,9026,3437628,1.75,98.25,1.78,195
2022-01-13,321064390,5556367,315508023,3187100,8233,3178867,1.73,98.27,1.76,195
2022-01-14,324380842,5564340,318816502,3316452,7973,3308479,1.72,98.28,1.75,195
2022-01-15,326808603,5570469,321238134,2427761,6129,2421632,1.7,98.3,1.73,195
2022-01-16,328979801,5574982,323404819,2171198,4513,2166685,1.69,98.31,1.72,195
2022-01-17,331757612,5581490,326176122,2777811,6508,2771303,1.68,98.32,1.71,195
2022-01-18,335522203,5590591,329931612,3764591,9101,3755490,1.67,98.33,1.69,195
2022-01-19,339605481,5600525,334004956,4083278,9934,4073344,1.65,98.35,1.68,195
2022-01-20,343339773,5610168,337729605,3734292,9643,3724649,1.63,98.37,1.66,195
2022-01-21,347149884,5620128,341529756,3810111,9960,3800151,1.62,98.38,1.65,195
2022-01-22,349799664,5626152,344173512,2649780,6024,2643756,1.61,98.39,1.63,195
2022-01-23,352182930,5631322,346551608,2383266,5170,2378096,1.6,98.4,1.62,195
2022-01-24,355815782,5640233,350175549,3632852,8911,3623941,1.59,98.41,1.61,195
2022-01-25,359469579,5650716,353818863,3653797,10483,3643314,1.57,98.43,1.6,195
2022-01-26,363231231,5661426,357569805,3761652,10710,3750942,1.56,98.44,1.58,195
2022-01-27,366930936,5671729,361259207,3699705,10303,3689402,1.55,98.45,1.57,195
2022-01-28,370609844,5684079,364925765,3678908,12350,3666558,1.53,98.47,1.56,195
2022-01-29,373173352,5691970,367481382,2563508,7891,2555617,1.53,98.47,1.55,195
2022-01-30,375350337,5697522,369652815,2176985,5552,2171433,1.52,98.48,1.54,195
2022-01-31,379209772,5707944,373501828,3887835,10422,3849013,1.51,98.49,1.53,195
2022-02-01,382339482,5720620,376618862,3129710,12676,3117034,1.5,98.5,1.52,195
2022-02-02,385524095,5732533,379791562,3184613,11913,3172700,1.49,98.51,1.51,195
2022-02-03,388718120,5744174,382973946,3194025,11641,3182384,1.48,98.52,1.5,195
2022-02-04,391673666,5757342,385916324,2955546,13168,2942378,1.47,98.53,1.49,195
2022-02-05,393777253,5765558,388011695,2103587,8216,2095371,1.46,98.54,1.49,195
2022-02-06,395540051,5771536,389768515,1762798,5978,1756820,1.46,98.54,1.48,195
2022-02-07,398514145,5782643,392731502,2974094,11107,2962987,1.45,98.55,1.47,195
2022-02-08,401113826,5795434,395318392,2599681,12791,2586890,1.44,98.56,1.47,195
2022-02-09,403546823,5808560,397738263,2432997,13126,2419871,1.44,98.56,1.46,195
2022-02-10,406361094,5820439,400540655,2814271,11879,2802392,1.43,98.57,1.45,195
2022-02-11,408785906,5832425,402953481,2424812,11986,2412826,1.43,98.57,1.45,195
2022-02-12,410511009,5841074,404669935,1725103,8649,1716454,1.42,98.58,1.44,195
2022-02-13,411916946,5846347,406070599,1405937,5273,1400664,1.42,98.58,1.44,195
2022-02-14,413959832,5857572,408102260,2042886,11225,2031661,1.42,98.58,1.44,195
2022-02-15,415830617,5868218,409962399,1876317,10646,1860139,1.41,98.59,1.43,195
2022-02-16,418070420,5881330,412189090,2242377,13112,2226691,1.41,98.59,1.43,195
2022-02-17,420133333,5893536,414239797,2062913,12206,2050707,1.4,98.6,1.42,195
2022-02-18,422116765,5904179,416212586,1983432,10643,1972789,1.4,98.6,1.42,195
2022-02-19,423593846,5912536,417681310,1477081,8357,1468724,1.4,98.6,1.42,195
2022-02-20,424787377,5917916,418869461,1193531,5380,1188151,1.39,98.61,1.41,195
2022-02-21,426493036,5925462,420567574,1705659,7546,1698113,1.39,98.61,1.41,195
2022-02-22,428166758,5935512,422231246,1673722,10050,1663672,1.39,98.61,1.41,195
2022-02-23,430084245,5947498,424136747,1917487,11986,1905501,1.38,98.62,1.4,195
2022-02-24,431872156,5958306,425913850,1787911,10808,1777103,1.38,98.62,1.4,195
2022-02-25,433526458,5967373,427559085,1654302,9067,1645235,1.38,98.62,1.4,195
2022-02-26,434800447,5973914,428826533,1273989,6541,1267448,1.37,98.63,1.39,195
2022-02-27,435852597,5978612,429873985,1052167,4698,1047452,1.37,98.63,1.39,195
2022-02-28,437461472,5986290,431475182,1608875,7678,1601197,1.37,98.63,1.39,195
2022-03-01,439060205,5994760,433065445,1598733,8470,1590263,1.37,98.63,1.38,195
2022-03-02,440720080,6002939,434717141,1659875,8179,1651696,1.36,98.64,1.38,195
2022-03-03,442495285,6011110,436484175,1775205,8171,1767034,1.36,98.64,1.38,195
2022-03-04,444257705,6019820,438237885,1762420,8710,1753710,1.36,98.64,1.37,195
2022-03-05,445548035,6025462,439522573,1290330,5642,1284688,1.35,98.65,1.37,195
2022-03-06,446657779,6029688,440628091,1109744,4226,1105518,1.35,98.65,1.37,195
2022-03-07,448399252,6037553,442361699,1741473,7865,1733608,1.35,98.65,1.36,195
2022-03-08,449983549,6044439,443939110,1584297,6886,1577411,1.34,98.66,1.36,195
2022-03-09,451973730,6052635,445921095,1990181,8196,1981985,1.34,98.66,1.36,195
2022-03-10,453844707,6060159,447784548,1871320,7524,1863453,1.34,98.66,1.35,195
2022-03-11,455717307,6066367,449650940,1872600,6208,1866392,1.33,98.67,1.35,195
2022-03-12,457278014,6071098,451206916,1560707,4731,1555976,1.33,98.67,1.35,195
2022-03-13,458415659,6074651,452341008,1137645,3553,1134092,1.33,98.67,1.34,195
2022-03-14,460413569,6080263,454333306,1997913,5612,1992298,1.32,98.68,1.34,195
2022-03-15,462222971,6085878,456137093,1809402,5615,1803787,1.32,98.68,1.33,195
2022-03-16,464461832,6092765,458369067,2238861,6887,2231974,1.31,98.69,1.33,195
2022-03-17,466539736,6099846,460439890,2077904,7081,2070823,1.31,98.69,1.32,195
2022-03-18,468431262,6105607,462325655,1891526,5761,1885765,1.3,98.7,1.32,195
2022-03-19,469910640,6109460,463801180,1479378,3853,1475525,1.3,98.7,1.32,195
2022-03-20,470871468,6112787,464758681,960828,3327,957501,1.3,98.7,1.32,195
2022-03-21,472751352,6128918,466622434,1879884,16131,1863753,1.3,98.7,1.31,195
2022-03-22,474728575,6133993,468594582,1977227,5075,1972148,1.29,98.71,1.31,195
2022-03-23,476532484,6139976,470392508,1803909,5983,1797926,1.29,98.71,1.31,195
2022-03-24,478316685,6145245,472171440,1784206,5269,1778932,1.28,98.72,1.3,195
2022-03-25,480076256,6154420,473921836,1759571,9175,1750396,1.28,98.72,1.3,195
2022-03-26,481200665,6157239,475043426,1124409,2819,1121590,1.28,98.72,1.3,195
2022-03-27,482051426,6159874,475891552,850761,2635,848126,1.28,98.72,1.29,195
2022-03-28,483895723,6164156,477731567,1844297,4282,1840015,1.27,98.73,1.29,195
2022-03-29,485647544,6168602,479478942,1751821,4446,1747375,1.27,98.73,1.29,195
2022-03-30,487245219,6173529,481071690,1597675,4927,1592748,1.27,98.73,1.28,195
2022-03-31,488808489,6178021,482630468,1563270,4492,1558778,1.26,98.74,1.28,195
2022-04-01,490227511,6182898,484044613,1419022,4877,1414145,1.26,98.74,1.28,195
2022-04-02,491100172,6185471,484914701,872661,2573,870088,1.26,98.74,1.28,195
2022-04-03,491793317,6187365,485605952,693145,1894,691251,1.26,98.74,1.27,195
2022-04-04,493026665,6190742,486835923,1233348,3377,1229971,1.26,98.74,1.27,196
2022-04-05,494392063,6194910,488197153,1365398,4168,1361230,1.25,98.75,1.27,196
2022-04-06,495612034,6199233,489412801,1219971,4323,1215648,1.25,98.75,1.27,196
2022-04-07,496890379,6203553,490686826,1278345,4320,1274025,1.25,98.75,1.26,196
2022-04-08,498064775,6207480,491857295,1174396,3927,1170469,1.25,98.75,1.26,196
2022-04-09,498807029,6209824,492597205,742254,2344,739910,1.24,98.76,1.26,196
2022-04-10,499368643,6211596,493157047,561614,1772,559842,1.24,98.76,1.26,196
2022-04-11,500354970,6214449,494140521,986455,2853,983474,1.24,98.76,1.26,196
2022-04-12,501474556,6217727,495256829,1119586,3278,1116308,1.24,98.76,1.26,196
2022-04-13,502549582,6221799,496327783,1075056,4072,1070954,1.24,98.76,1.25,196
2022-04-14,503512185,6225360,497286825,965471,3561,959042,1.24,98.76,1.25,196
2022-04-15,504171170,6227834,497943336,667031,2474,656511,1.24,98.76,1.25,196
2022-04-16,504725628,6229444,498496184,554458,1610,552848,1.23,98.77,1.25,196
2022-04-17,505133389,6230979,498902410,407761,1535,406226,1.23,98.77,1.25,196
2022-04-18,505590651,6232542,499358109,457262,1563,455699,1.23,98.77,1.25,196
2022-04-19,506608773,6235559,500373214,1018395,3017,1015105,1.23,98.77,1.25,196
2022-04-20,507570489,6239723,501330766,962500,4164,957552,1.23,98.77,1.24,196
2022-04-21,508492189,6242813,502249376,921700,3090,918610,1.23,98.77,1.24,196
2022-04-22,509323698,6245576,503078122,831509,2763,828746,1.23,98.77,1.24,196
2022-04-23,509802473,6247178,503555295,478775,1602,477173,1.23,98.77,1.24,196
2022-04-24,510167826,6248344,503919482,365353,1166,364187,1.22,98.78,1.24,196
2022-04-25,510804832,6250481,504554351,637006,2137,634869,1.22,98.78,1.24,196
2022-04-26,511583776,6254761,505329015,778944,4280,774664,1.22,98.78,1.24,196
2022-04-27,512268171,6257889,506010282,684395,3128,681267,1.22,98.78,1.24,196
2022-04-28,513027447,6260888,506766559,759301,2999,756277,1.22,98.78,1.24,196
2022-04-29,513671889,6263427,507408462,644442,2539,641903,1.22,98.78,1.23,196
2022-04-30,514025628,6264891,507760737,353739,1464,352275,1.22,98.78,1.23,196
2022-05-01,514335049,6266093,508068956,309421,1202,308219,1.22,98.78,1.23,196
2022-05-02,514782476,6267834,508514642,447427,1741,445686,1.22,98.78,1.23,196
2022-05-03,515454535,6270028,509184507,672459,2194,669865,1.22,98.78,1.23,196
2022-05-04,516082029,6273764,509808265,627494,3736,623758,1.22,98.78,1.23,196
2022-05-05,516681662,6276004,510405658,599633,2240,597393,1.21,98.79,1.23,196
2022-05-06,517312547,6278136,511034411,630885,2132,628753,1.21,98.79,1.23,196
2022-05-07,517651883,6279290,511372593,339336,1154,338182,1.21,98.79,1.23,196
2022-05-08,517930733,6280131,511650602,278850,841,278009,1.21,98.79,1.23,196
2022-05-09,518621162,6282017,512339145,690429,1886,688543,1.21,98.79,1.23,196
2022-05-10,519262422,6284022,512978400,641260,2005,639255,1.21,98.79,1.23,196
2022-05-11,519957129,6286248,513670881,694707,2226,692481,1.21,98.79,1.22,196
2022-05-12,520609774,6288243,514321531,652645,1995,650650,1.21,98.79,1.22,196
2022-05-13,521182734,6290125,514892609,572960,1882,571078,1.21,98.79,1.22,196
2022-05-14,521621459,6291089,515330370,438725,964,437761,1.21,98.79,1.22,197
2022-05-15,521995109,6291867,515703242,373650,778,372872,1.21,98.79,1.22,197
2022-05-16,522585542,6293445,516292097,591340,1578,588855,1.2,98.8,1.22,197
2022-05-17,523193908,6295303,516898605,608657,1858,606508,1.2,98.8,1.22,197
2022-05-18,523954521,6297663,517656858,760613,2360,758253,1.2,98.8,1.22,197
2022-05-19,524550590,6299396,518251194,597625,1733,594336,1.2,98.8,1.22,197
2022-05-20,525176701,6301394,518875307,626111,1998,624113,1.2,98.8,1.21,197
2022-05-21,525543864,6302487,519241377,367163,1093,366070,1.2,98.8,1.21,197
2022-05-22,525859678,6303097,519556581,327870,610,315204,1.2,98.8,1.21,197
2022-05-23,526352824,6304659,520048165,522781,1562,491584,1.2,98.8,1.21,198
2022-05-24,526947414,6306311,520641103,594590,1652,592938,1.2,98.8,1.21,198
2022-05-25,527591373,6308923,521282450,643959,2612,641347,1.2,98.8,1.21,198
2022-05-26,528094115,6310357,521783758,507104,1434,501308,1.19,98.81,1.21,198
2022-05-27,528663771,6312331,522351440,569656,1974,567682,1.19,98.81,1.21,198
2022-05-28,528992792,6313168,522679624,329021,837,328184,1.19,98.81,1.21,198
2022-05-29,529269487,6313785,522955702,276695,617,276078,1.19,98.81,1.21,198
2022-05-30,529613836,6314894,523298942,344349,1109,343240,1.19,98.81,1.21,198
2022-05-31,530239185,6316417,523922768,625349,1523,623826,1.19,98.81,1.21,198
2022-06-01,530937595,6318429,524619166,698410,2012,696398,1.19,98.81,1.2,198
2022-06-02,531468335,6320117,525148218,530740,1688,529052,1.19,98.81,1.2,198
2022-06-03,532011890,6321648,525690242,543555,1531,542024,1.19,98.81,1.2,198
2022-06-04,532264968,6322340,525942628,253078,692,252386,1.19,98.81,1.2,198
2022-06-05,532527951,6323153,526204798,262983,813,262170,1.19,98.81,1.2,198
2022-06-06,532962854,6324117,526638737,434903,964,433939,1.19,98.81,1.2,198
2022-06-07,533574519,6326131,527248388,611665,2014,609651,1.19,98.81,1.2,198
2022-06-08,534281101,6328701,527952400,706582,2570,704012,1.18,98.82,1.2,198
2022-06-09,534846141,6330257,528515884,565040,1556,563484,1.18,98.82,1.2,198
2022-06-10,535402908,6331955,529070953,556767,1698,555069,1.18,98.82,1.2,198
2022-06-11,535686699,6332877,529353822,283887,922,282869,1.18,98.82,1.2,198
2022-06-12,535884946,6333454,529551492,198247,577,197670,1.18,98.82,1.2,198
2022-06-13,536412764,6335142,530077622,527818,1688,526130,1.18,98.82,1.2,198
2022-06-14,537269817,6336979,530932838,857053,1837,855216,1.18,98.82,1.19,198
2022-06-15,537991911,6338974,531652937,722094,1995,720099,1.18,98.82,1.19,198
2022-06-16,538574753,6340837,532233916,582842,1863,580979,1.18,98.82,1.19,198
2022-06-17,539107768,6342096,532765672,533015,1259,531756,1.18,98.82,1.19,198
2022-06-18,539336356,6342741,532993615,228588,645,227943,1.18,98.82,1.19,198
2022-06-19,539604854,6343421,533261433,268498,680,267818,1.18,98.82,1.19,198
2022-06-20,540360060,6344943,534015117,755206,1522,753684,1.17,98.83,1.19,198
2022-06-21,541176123,6346675,534829448,816063,1732,814331,1.17,98.83,1.19,198
2022-06-22,541981939,6348703,535633236,805816,2028,803788,1.17,98.83,1.19,198
2022-06-23,542765571,6350516,536415055,783632,1813,781819,1.17,98.83,1.18,198
2022-06-24,543542904,6352288,537190616,777333,1772,775561,1.17,98.83,1.18,198
2022-06-25,543859828,6353087,537506741,316924,799,316125,1.17,98.83,1.18,198
2022-06-26,544146590,6353750,537792840,286762,663,286099,1.17,98.83,1.18,198
2022-06-27,545018972,6355220,538663752,872382,1470,870912,1.17,98.83,1.18,198
2022-06-28,545960926,6357152,539603774,941954,1932,940022,1.16,98.84,1.18,198
2022-06-29,546893739,6358979,540534760,932813,1827,930986,1.16,98.84,1.18,198
2022-06-30,547971921,6360370,541611551,1078182,1391,1076791,1.16,98.84,1.17,198
2022-07-01,548923093,6362236,542560857,951172,1866,949306,1.16,98.84,1.17,198
2022-07-02,549282528,6363068,542919460,359435,832,358603,1.16,98.84,1.17,198
2022-07-03,549641013,6363803,543277210,358485,735,357750,1.16,98.84,1.17,198
2022-07-04,550493101,6364953,544128148,852088,1150,850938,1.16,98.84,1.17,198
2022-07-05,551698386,6367163,545331223,1205285,2210,1203075,1.15,98.85,1.17,198
2022-07-06,552923704,6369503,546554201,1225318,2340,1222978,1.15,98.85,1.17,198
2022-07-07,553976825,6372209,547604616,1053121,2706,1050415,1.15,98.85,1.16,198
2022-07-08,554983470,6374497,548608973,1006645,2288,1004357,1.15,98.85,1.16,198
2022-07-09,555487305,6375538,549111767,503835,1041,502794,1.15,98.85,1.16,198
2022-07-10,555910170,6376384,549533786,422865,846,422019,1.15,98.85,1.16,198
2022-07-11,556963446,6378167,550585279,1053276,1783,1051493,1.15,98.85,1.16,198
2022-07-12,558186462,6380626,551805836,1223016,2459,1220557,1.14,98.86,1.16,198
2022-07-13,559613529,6383236,553230293,1427067,2610,1424457,1.14,98.86,1.15,198
2022-07-14,560615890,6385313,554230577,1002361,2077,1000284,1.14,98.86,1.15,198
2022-07-15,561618420,6387620,555230800,1002530,2307,1000223,1.14,98.86,1.15,198
2022-07-16,562171422,6388703,555782719,553002,1083,551919,1.14,98.86,1.15,198
2022-07-17,562630862,6389689,556241173,459440,986,458454,1.14,98.86,1.15,198
2022-07-18,563828905,6391766,557437139,1198043,2077,1195966,1.13,98.87,1.15,198
2022-07-19,565373687,6394847,558978840,1545552,3081,1541701,1.13,98.87,1.14,198
2022-07-20,566975781,6397746,560578035,1603118,2899,1599195,1.13,98.87,1.14,198
2022-07-21,568129846,6400289,561729557,1154065,2543,1151522,1.13,98.87,1.14,198
2022-07-22,569225141,6403149,562821992,1095302,2860,1092435,1.12,98.88,1.14,198
2022-07-23,569861961,6404436,563457525,636820,1287,635533,1.12,98.88,1.14,198
2022-07-24,570413049,6405469,564007580,551088,1033,550055,1.12,98.88,1.14,198
2022-07-25,571386745,6407416,564979329,973696,1947,971749,1.12,98.88,1.13,198
2022-07-26,572583403,6410333,566173070,1198293,2917,1193741,1.12,98.88,1.13,198
2022-07-27,574010029,6413682,567596347,1426626,3349,1423277,1.12,98.88,1.13,198
2022-07-28,575126162,6416445,568709717,1116133,2763,1113370,1.12,98.88,1.13,198
2022-07-29,576501568,6419467,570082101,1375412,3022,1372384,1.11,98.89,1.13,198
2022-07-30,577077818,6420562,570657256,576250,1095,575155,1.11,98.89,1.13,198
2022-07-31,577622574,6421477,571201097,544756,915,543841,1.11,98.89,1.12,198
2022-08-01,578495790,6423912,572071878,873216,2435,870781,1.11,98.89,1.12,198
2022-08-02,579686367,6426792,573259575,1190577,2880,1187697,1.11,98.89,1.12,198
2022-08-03,580841846,6429942,574411904,1155479,3150,1152329,1.11,98.89,1.12,198
2022-08-04,582296025,6433116,575862909,1465622,3174,1451005,1.1,98.9,1.12,198
2022-08-05,583197362,6436063,576761299,901337,2947,898390,1.1,98.9,1.12,198
2022-08-06,584375681,6437793,577937888,1178319,1730,1176589,1.1,98.9,1.11,198
2022-08-07,584873604,6438734,578434870,497923,941,496982,1.1,98.9,1.11,198
2022-08-08,585689839,6441036,579248803,816235,2302,813933,1.1,98.9,1.11,198
2022-08-09,586730076,6444597,580285479,1040237,3561,1036676,1.1,98.9,1.11,198
2022-08-10,587757113,6447303,581309810,1027037,2706,1024331,1.1,98.9,1.11,198
2022-08-11,588762590,6450510,582312080,1005477,3207,1002270,1.1,98.9,1.11,198
2022-08-12,589515569,6453324,583062245,752979,2814,750165,1.09,98.91,1.11,198
2022-08-13,590152132,6454807,583697325,636563,1483,635080,1.09,98.91,1.11,198
2022-08-14,590612884,6455801,584157083,460752,994,459758,1.09,98.91,1.11,198
2022-08-15,591468167,6458196,585009971,855283,2395,852888,1.09,98.91,1.1,198
2022-08-16,592551474,6461633,586089841,1083307,3437,1079870,1.09,98.91,1.1,198
2022-08-17,593541993,6464869,587077124,990519,3236,987283,1.09,98.91,1.1,198
2022-08-18,594486750,6467850,588018900,944757,2981,941776,1.09,98.91,1.1,198
2022-08-19,595288215,6470563,588817652,801465,2713,798752,1.09,98.91,1.1,198
2022-08-20,595862637,6471753,589390884,574422,1190,573232,1.09,98.91,1.1,198
2022-08-21,596347167,6473473,589873694,484530,1720,482810,1.09,98.91,1.1,198
2022-08-22,597058322,6474894,590583428,711155,1421,709734,1.08,98.92,1.1,198
2022-08-23,597947473,6477827,591469646,889615,2933,886218,1.08,98.92,1.1,198
2022-08-24,598832041,6480983,592351058,884629,3156,881412,1.08,98.92,1.09,198
2022-08-25,599697044,6483940,593213104,865003,2957,862046,1.08,98.92,1.09,198
2022-08-26,600399395,6486468,593912927,702351,2528,699823,1.08,98.92,1.09,198
2022-08-27,600852067,6487679,594364388,452672,1211,451461,1.08,98.92,1.09,198
2022-08-28,601258312,6488701,594769611,406245,1022,405223,1.08,98.92,1.09,198
2022-08-29,601835451,6490714,595344737,577139,2013,575126,1.08,98.92,1.09,198
2022-08-30,602583345,6493213,596090132,747894,2499,745395,1.08,98.92,1.09,198
2022-08-31,603336520,6496581,596839939,753175,3368,749807,1.08,98.92,1.09,198
2022-09-01,604016288,6499133,597517155,679768,2552,677216,1.08,98.92,1.09,198
2022-09-02,604673769,6501850,598171919,657481,2717,654764,1.08,98.92,1.09,198
2022-09-03,605050449,6502927,598547522,376680,1077,375603,1.07,98.93,1.09,198
2022-09-04,605420838,6504038,598916800,370389,1111,369278,1.07,98.93,1.09,198
2022-09-05,605878626,6505484,599373142,457788,1446,456342,1.07,98.93,1.09,198
2022-09-06,606552469,6507798,600044671,673843,2314,671529,1.07,98.93,1.08,198
2022-09-07,607169015,6509973,600659042,616546,2175,614371,1.07,98.93,1.08,198
2022-09-08,607752972,6512212,601240760,583957,2239,581718,1.07,98.93,1.08,198
2022-09-09,608278599,6514507,601764092,525627,2295,523332,1.07,98.93,1.08,198
2022-09-10,608591829,6515450,602076379,313230,943,312287,1.07,98.93,1.08,198
2022-09-11,608906121,6516236,602389885,314292,786,313506,1.07,98.93,1.08,198
2022-09-12,609391199,6517748,602873451,485219,1512,483566,1.07,98.93,1.08,198
2022-09-13,609939671,6519730,603419941,548472,1982,546490,1.07,98.93,1.08,198
2022-09-14,610637697,6522068,604115629,710960,2338,695688,1.07,98.93,1.08,198
2022-09-15,611248994,6524638,604724356,611297,2570,608727,1.07,98.93,1.08,198
2022-09-16,611704888,6526647,605178241,455894,2009,453885,1.07,98.93,1.08,198
2022-09-17,611999985,6527497,605472488,295097,850,294247,1.07,98.93,1.08,198
2022-09-18,612254561,6528084,605726477,254576,587,253989,1.07,98.93,1.08,198
2022-09-19,612671411,6529465,606141946,416850,1381,415469,1.07,98.93,1.08,198
2022-09-20,613225017,6531294,606693723,553742,1829,551777,1.07,98.93,1.08,198
2022-09-21,613743195,6533351,607209844,518178,2057,516121,1.06,98.94,1.08,198
2022-09-22,614362835,6535546,607827289,619640,2195,617445,1.06,98.94,1.08,198
2022-09-23,614880896,6537373,608343523,518061,1827,516234,1.06,98.94,1.07,198
2022-09-24,615146060,6538209,608607851,265164,836,264328,1.06,98.94,1.07,198
2022-09-25,615368982,6538716,608830266,222922,507,222415,1.06,98.94,1.07,198
2022-09-26,615791660,6540089,609251571,422704,1373,421305,1.06,98.94,1.07,198
2022-09-27,616391199,6541692,609849507,599539,1603,597936,1.06,98.94,1.07,198
2022-09-28,616941155,6544036,610397119,549956,2344,547612,1.06,98.94,1.07,198
2022-09-29,617585289,6546322,611038967,644134,2286,641848,1.06,98.94,1.07,198
2022-09-30,618057813,6547795,611510018,472524,1473,471051,1.06,98.94,1.07,198
2022-10-01,618298866,6548465,611750401,241053,670,240383,1.06,98.94,1.07,198
2022-10-02,618499574,6549030,611950544,200816,565,200143,1.06,98.94,1.07,198
2022-10-03,618819438,6550393,612269045,319864,1363,318501,1.06,98.94,1.07,198
2022-10-04,619419626,6551995,612867631,600188,1602,598586,1.06,98.94,1.07,198
2022-10-05,620002629,6554182,613448447,583003,2187,580816,1.06,98.94,1.07,198
2022-10-06,620643226,6556191,614087035,640597,2009,638588,1.06,98.94,1.07,198
2022-10-07,621218453,6557988,614660465,575227,1797,573430,1.06,98.94,1.07,198
2022-10-08,621437468,6558700,614878768,219015,712,218303,1.06,98.94,1.07,198
2022-10-09,621656418,6559333,615097085,218950,633,218317,1.06,98.94,1.07,198
2022-10-10,622110051,6560649,615549402,453633,1316,452317,1.05,98.95,1.07,198
2022-10-11,622800261,6562558,616237703,690369,1909,688301,1.05,98.95,1.06,198
2022-10-12,623350644,6564460,616786184,550383,1902,548481,1.05,98.95,1.06,198
2022-10-13,624013537,6566565,617446972,662893,2105,660788,1.05,98.95,1.06,198
2022-10-14,624491429,6568281,617923148,477892,1716,476176,1.05,98.95,1.06,198
2022-10-15,624709515,6569058,618140457,218086,777,217309,1.05,98.95,1.06,198
2022-10-16,624901685,6569606,618332079,192170,548,191622,1.05,98.95,1.06,198
2022-10-17,625378175,6571366,618806809,476490,1760,474730,1.05,98.95,1.06,198
2022-10-18,626006885,6573213,619433672,629331,1847,626863,1.05,98.95,1.06,198
2022-10-19,626533841,6575456,619958385,527750,2243,524713,1.05,98.95,1.06,198
2022-10-20,627129228,6577658,620551570,595411,2202,593185,1.05,98.95,1.06,198
2022-10-21,627560442,6579658,620980784,431214,2000,429214,1.05,98.95,1.06,198
2022-10-22,627742784,6580278,621162506,182342,620,181722,1.05,98.95,1.06,198
2022-10-23,627903585,6580871,621322714,160801,593,160208,1.05,98.95,1.06,198
2022-10-24,628289569,6582190,621707379,386605,1319,384665,1.05,98.95,1.06,198
2022-10-25,628884519,6584369,622300150,594950,2179,592771,1.05,98.95,1.06,198
2022-10-26,629351543,6586873,622764670,467024,2504,464520,1.05,98.95,1.06,198
2022-10-27,629822413,6588998,623233415,477755,2125,468745,1.05,98.95,1.06,198
2022-10-28,630186261,6590480,623595781,363848,1482,362366,1.05,98.95,1.06,198
2022-10-29,630385370,6591150,623794220,199109,670,198439,1.05,98.95,1.06,198
2022-10-30,630552683,6591753,623960930,167313,603,166710,1.05,98.95,1.06,198
2022-10-31,630852993,6592973,624260020,300421,1220,299090,1.05,98.95,1.06,198
2022-11-01,631254628,6595775,624658853,401635,2802,398833,1.04,98.96,1.06,198
2022-11-02,631602959,6597361,625005598,348331,1586,346745,1.04,98.96,1.06,198
2022-11-03,632096568,6599705,625496863,493609,2344,491265,1.04,98.96,1.06,198
2022-11-04,632541060,6601682,625939378,444492,1977,442515,1.04,98.96,1.05,198
2022-11-05,632742382,6602295,626140087,201322,613,200709,1.04,98.96,1.05,198
2022-11-06,632929024,6602838,626326186,186642,543,186099,1.04,98.96,1.05,198
2022-11-07,633233625,6603982,626629643,306067,1144,303457,1.04,98.96,1.05,198
2022-11-08,633684443,6605255,627079188,450818,1273,449545,1.04,98.96,1.05,198
2022-11-09,634118466,6607369,627511097,434023,2114,431909,1.04,98.96,1.05,198
2022-11-10,634578865,6609461,627969404,460425,2092,458307,1.04,98.96,1.05,198
2022-11-11,635067236,6611167,628456069,488371,1706,486665,1.04,98.96,1.05,198
2022-11-12,635309740,6611612,628698128,242504,445,242059,1.04,98.96,1.05,198
2022-11-13,635493248,6612117,628881131,183508,505,183003,1.04,98.96,1.05,198
2022-11-14,635840084,6613462,629226622,348137,1345,345491,1.04,98.96,1.05,198
2022-11-15,636343827,6614526,629729301,503743,1064,502679,1.04,98.96,1.05,198
2022-11-16,636830128,6616832,630213296,486301,2306,483995,1.04,98.96,1.05,198
2022-11-17,637309468,6618874,630690594,479908,2042,477298,1.04,98.96,1.05,198
2022-11-18,637940185,6621233,631318952,630717,2359,628358,1.04,98.96,1.05,198
2022-11-19,638187537,6621726,631565811,247352,493,246859,1.04,98.96,1.05,198
2022-11-20,638409962,6622315,631787647,222425,589,221836,1.04,98.96,1.05,198
2022-11-21,638751535,6623441,632128094,341573,1126,340447,1.04,98.96,1.05,198
2022-11-22,639325752,6625181,632700571,574217,1740,572477,1.04,98.96,1.05,198
2022-11-23,639916517,6627288,633289229,591032,2107,588658,1.04,98.96,1.05,198
2022-11-24,640336896,6628686,633708210,420379,1398,418981,1.04,98.96,1.05,198
2022-11-25,641035080,6630888,634404192,698184,2202,695982,1.03,98.97,1.05,198
2022-11-26,641305698,6631398,634674300,270618,510,270108,1.03,98.97,1.04,198
2022-11-27,641569143,6631987,634937156,263445,589,262856,1.03,98.97,1.04,198
2022-11-28,641974912,6633165,635341747,405792,1178,404591,1.03,98.97,1.04,198
2022-11-29,642705588,6634764,636070824,730676,1599,729077,1.03,98.97,1.04,198
2022-11-30,643241345,6636393,636604952,535757,1629,534128,1.03,98.97,1.04,198
2022-12-01,643947580,6638784,637308796,706235,2391,703844,1.03,98.97,1.04,198
2022-12-02,644709152,6641129,638068023,761572,2345,759227,1.03,98.97,1.04,198
2022-12-03,645009052,6641738,638367314,299900,609,299291,1.03,98.97,1.04,198
2022-12-04,645266187,6642374,638623813,257140,636,256499,1.03,98.97,1.04,198
2022-12-05,645771667,6643763,639127904,505480,1389,504091,1.03,98.97,1.04,198
2022-12-06,646396162,6645505,639750657,624765,1742,622753,1.03,98.97,1.04,198
2022-12-07,647029634,6647682,640381952,635432,2177,631295,1.03,98.97,1.04,198
2022-12-08,647838723,6650689,641188034,809089,3007,806082,1.03,98.97,1.04,198
2022-12-09,648509163,6652868,641856295,670440,2179,668261,1.03,98.97,1.04,198
2022-12-10,648783829,6653474,642130355,274666,606,274060,1.03,98.97,1.04,198
2022-12-11,649083054,6654134,642428920,299225,660,298565,1.03,98.97,1.04,198
2022-12-12,649655798,6655800,642999998,572744,1666,571078,1.02,98.98,1.04,198
2022-12-13,650433859,6657761,643776098,778061,1961,776100,1.02,98.98,1.03,198
2022-12-14,651119597,6660212,644459385,694377,2451,683287,1.02,98.98,1.03,198
2022-12-15,651870284,6663016,645207268,750687,2804,747883,1.02,98.98,1.03,198
2022-12-16,652602331,6665714,645936617,732047,2698,729349,1.02,98.98,1.03,198
2022-12-17,652902798,6666523,646236275,300467,809,299658,1.02,98.98,1.03,198
2022-12-18,653186511,6667309,646519202,283713,786,282927,1.02,98.98,1.03,198
2022-12-19,653772903,6669128,647103775,586392,1819,584573,1.02,98.98,1.03,198
2022-12-20,654481763,6671338,647810425,708860,2210,706650,1.02,98.98,1.03,198
2022-12-21,655202518,6673902,648528616,720755,2564,718191,1.02,98.98,1.03,198
2022-12-22,655960475,6676565,649283910,757957,2663,755294,1.02,98.98,1.03,198
2022-12-23,656601917,6679246,649922671,641442,2681,638761,1.02,98.98,1.03,198
2022-12-24,656946286,6680230,650266056,344369,984,343385,1.02,98.98,1.03,198
2022-12-25,657132581,6681091,650451490,251581,861,185434,1.02,98.98,1.03,198
2022-12-26,657651971,6682196,650969775,519390,1105,518285,1.02,98.98,1.03,198
2022-12-27,658306126,6684293,651621833,654155,2097,652058,1.02,98.98,1.03,198
2022-12-28,658943268,6687084,652256184,637142,2791,634351,1.01,98.99,1.03,198
2022-12-29,659614556,6690002,652924554,671288,2918,668370,1.01,98.99,1.02,198
2022-12-30,660196684,6692416,653504268,582128,2414,579714,1.01,98.99,1.02,198
2022-12-31,660460757,6693301,653767456,264073,885,263188,1.01,98.99,1.02,198
2023-01-01,660775356,6694341,654081015,314599,1040,313559,1.01,98.99,1.02,198
2023-01-02,661195081,6695703,654499378,419725,1362,418363,1.01,98.99,1.02,198
2023-01-03,661657911,6697938,654959973,462830,2235,460595,1.01,98.99,1.02,198
2023-01-04,662228409,6700855,655527554,571527,2917,567581,1.01,98.99,1.02,198
2023-01-05,662963681,6704510,656259171,735272,3655,731617,1.01,98.99,1.02,198
2023-01-06,663682564,6707646,656974918,718883,3136,715747,1.01,98.99,1.02,198
2023-01-07,664039626,6708596,657331030,357062,950,356112,1.01,98.99,1.02,198
2023-01-08,664367090,6709652,657657438,327464,1056,326408,1.01,98.99,1.02,198
2023-01-09,664716100,6711805,658004295,349010,2153,346857,1.01,98.99,1.02,198
2023-01-10,665111057,6714162,658396895,394957,2357,392600,1.01,98.99,1.02,198
2023-01-11,665617638,6717429,658900209,506581,3267,503314,1.01,98.99,1.02,198
2023-01-12,666094772,6720867,659373905,477134,3438,473696,1.01,98.99,1.02,198
2023-01-13,666530635,6723843,659806792,435863,2976,432887,1.01,98.99,1.02,198
2023-01-14,666751995,6724753,660027242,221360,910,220450,1.01,98.99,1.02,198
2023-01-15,666948876,6785541,660163335,196881,60788,136093,1.02,98.98,1.03,198
2023-01-16,667163492,6786757,660376735,214616,1216,213400,1.02,98.98,1.03,198
2023-01-17,667515606,6788683,660726923,352114,1926,350188,1.02,98.98,1.03,198
2023-01-18,667893340,6791749,661101591,377734,3066,374668,1.02,98.98,1.03,198
2023-01-19,668217850,6795277,661422573,324510,3528,320982,1.02,98.98,1.03,198
2023-01-20,668559556,6798638,661760918,341706,3361,338345,1.02,98.98,1.03,198
2023-01-21,668712947,6812056,661900891,153391,13418,139973,1.02,98.98,1.03,198
2023-01-22,668827337,6812662,662014675,114390,606,113784,1.02,98.98,1.03,198
2023-01-23,668998289,6814137,662184152,170952,1475,169477,1.02,98.98,1.03,198
2023-01-24,669269844,6816100,662453744,271555,1963,269592,1.02,98.98,1.03,198
2023-01-25,669563822,6818332,662745490,295502,2232,291746,1.02,98.98,1.03,198
2023-01-26,669845368,6821377,663023991,281546,3045,278501,1.02,98.98,1.03,198
2023-01-27,670083024,6823102,663259922,237656,1725,235931,1.02,98.98,1.03,198
2023-01-28,670216251,6830083,663386168,133227,6981,126246,1.02,98.98,1.03,198
2023-01-29,670339948,6830741,663509207,123697,658,123039,1.02,98.98,1.03,198
2023-01-30,670499446,6831884,663667562,160279,1143,158355,1.02,98.98,1.03,198
2023-01-31,670729783,6833675,663896108,230394,1791,228546,1.02,98.98,1.03,198
2023-02-01,671027278,6836290,664190988,297495,2615,294880,1.02,98.98,1.03,198
2023-02-02,671286132,6838951,664447181,258854,2661,256193,1.02,98.98,1.03,198
2023-02-03,671523947,6841201,664682746,238034,2250,235565,1.02,98.98,1.03,198
2023-02-04,671626546,6845074,664781472,102647,3873,98726,1.02,98.98,1.03,198
2023-02-05,671714803,6845594,664869209,88257,520,87737,1.02,98.98,1.03,198
2023-02-06,671859058,6846548,665012510,144557,954,143301,1.02,98.98,1.03,198
2023-02-07,672062838,6848079,665214759,203780,1531,202249,1.02,98.98,1.03,198
2023-02-08,672291164,6849975,665441189,228326,1896,226430,1.02,98.98,1.03,198
2023-02-09,672548168,6851898,665696270,257004,1923,255081,1.02,98.98,1.03,198
2023-02-10,672689688,6853277,665836411,142762,1379,140141,1.02,98.98,1.03,198
2023-02-11,672821171,6853899,665967272,131483,622,130861,1.02,98.98,1.03,198
2023-02-12,672897917,6854268,666043649,76746,369,76377,1.02,98.98,1.03,198
